中远两湾城,73217元/m2,104套在售二手房
世茂滨江花园,93302元/m2,78套在售二手房
新领地,49962元/m2,31套在售二手房
奥林匹克花园,44093元/m2,114套在售二手房
中凯城市之光(静安),122897元/m2,31套在售二手房
上海康城,36178元/m2,138套在售二手房
浦发绿城,48755元/m2,56套在售二手房
上海绿城,95893元/m2,48套在售二手房
新湖明珠城,80811元/m2,28套在售二手房
仁恒滨江园,103432元/m2,42套在售二手房
万科城市花园,50540元/m2,54套在售二手房
绿洲康城亲水湾(中央区),52371元/m2,26套在售二手房
万邦都市花园,79767元/m2,38套在售二手房
绿地康桥新苑,46918元/m2,61套在售二手房
东方城市花园(二期),71226元/m2,36套在售二手房
上海滩大宁城(公寓),81504元/m2,16套在售二手房
仁恒河滨城,104837元/m2,72套在售二手房
慧芝湖花园,89211元/m2,42套在售二手房
达安花园,85608元/m2,35套在售二手房
天山河畔花园,85995元/m2,27套在售二手房
金谊河畔,66613元/m2,21套在售二手房
绿地新江桥城,42483元/m2,42套在售二手房
万科金色雅筑,75661元/m2,12套在售二手房
证大家园(公寓),74103元/m2,82套在售二手房
仁恒河滨花园,98840元/m2,28套在售二手房
国际丽都城,127385元/m2,24套在售二手房
浦江东旭公寓,49582元/m2,48套在售二手房
新世纪花苑(三期)(浦东),64086元/m2,12套在售二手房
金地湾流域(公寓),81314元/m2,14套在售二手房
环球翡翠湾花园(公寓),61107元/m2,14套在售二手房
联洋年华,88878元/m2,15套在售二手房
尚东国际名园,88326元/m2,5套在售二手房
瑞虹新城(一期),81103元/m2,23套在售二手房
上海滩花园,123146元/m2,11套在售二手房
兆丰帝景苑,99040元/m2,8套在售二手房
浦东世纪花园(公寓),92930元/m2,21套在售二手房
金桥湾清水苑,62578元/m2,51套在售二手房
龙湖蔚澜香醍,35220元/m2,18套在售二手房
保利金爵公寓,58160元/m2,39套在售二手房
新梅共和城,75898元/m2,25套在售二手房
三林安居苑,56479元/m2,24套在售二手房
天山华庭,91346元/m2,8套在售二手房
金沙雅苑(四期),70785元/m2,21套在售二手房
黄浦丽园,97000元/m2,7套在售二手房
汇豪天下,99088元/m2,12套在售二手房
水岸金桥苑,42759元/m2,31套在售二手房
宝华现代城,91314元/m2,12套在售二手房
弘辉名苑,90814元/m2,13套在售二手房
万科城花新园,65598元/m2,18套在售二手房
上青佳园,79164元/m2,19套在售二手房
陆家嘴中央公寓,102410元/m2,14套在售二手房
城市经典(四期),65810元/m2,18套在售二手房
毕加索小镇(一期)(公寓),54555元/m2,52套在售二手房
静安晶华园,107756元/m2,8套在售二手房
百汇园,112201元/m2,8套在售二手房
凯德嘉博名邸,84877元/m2,21套在售二手房
泰欣嘉园,89973元/m2,16套在售二手房
海尚康庭,39277元/m2,34套在售二手房
中海御景熙岸(公寓),53609元/m2,21套在售二手房
盛大花园,86096元/m2,12套在售二手房
印象春城,48918元/m2,40套在售二手房
中芯花园(公寓),61260元/m2,42套在售二手房
保利香槟苑,87372元/m2,6套在售二手房
中信泰富又一城,38202元/m2,19套在售二手房
瑞虹新城二期(优贤生活),94251元/m2,30套在售二手房
翠湖天地嘉苑,145393元/m2,17套在售二手房
徐汇世家花园,86480元/m2,5套在售二手房
江南名庐,84910元/m2,11套在售二手房
汇龙新城,103788元/m2,19套在售二手房
公园3000黄兴花园,85083元/m2,21套在售二手房
天山星城,95450元/m2,10套在售二手房
阳光威尼斯(四期)(公寓),47382元/m2,17套在售二手房
锦绣华都,52962元/m2,22套在售二手房
地杰国际城E欧泊时光,65442元/m2,20套在售二手房
新外滩花苑,92516元/m2,10套在售二手房
御翠豪庭,113673元/m2,28套在售二手房
绿庭尚城,44279元/m2,50套在售二手房
和源名城,55014元/m2,27套在售二手房
恒大华城天地苑,68086元/m2,14套在售二手房
三花现代城(一期丹桂苑),58595元/m2,16套在售二手房
铂金华府,71812元/m2,11套在售二手房
美岸栖庭(公寓),60351元/m2,27套在售二手房
陆家嘴国际华城,92931元/m2,8套在售二手房
中福花苑,94937元/m2,30套在售二手房
尚海湾豪庭,109503元/m2,27套在售二手房
新凯二期,36196元/m2,78套在售二手房
张江汤臣豪园(二期),83510元/m2,29套在售二手房
凯欣豪园,102077元/m2,38套在售二手房
徐家汇花园,92850元/m2,24套在售二手房
万科海上传奇,71446元/m2,9套在售二手房
保利西子湾,43311元/m2,73套在售二手房
上南花城,82434元/m2,14套在售二手房
梧桐城邦(二期),56323元/m2,37套在售二手房
骏豪国际,80561元/m2,21套在售二手房
美林小城,46342元/m2,26套在售二手房
大华颐和华城(公寓),62560元/m2,46套在售二手房
上海壹街区,105287元/m2,9套在售二手房
菊园,89274元/m2,20套在售二手房
盛世年华,115087元/m2,11套在售二手房
大华锦绣华城(一街区),74764元/m2,17套在售二手房
星河世纪城,63160元/m2,18套在售二手房
永泰花苑,54247元/m2,27套在售二手房
融创滨江壹号院,113877元/m2,33套在售二手房
天山怡景苑,88828元/m2,23套在售二手房
明园森林都市,72526元/m2,28套在售二手房
翠湖天地御苑,145678元/m2,26套在售二手房
静安枫景苑,119773元/m2,21套在售二手房
华沁家园,60705元/m2,26套在售二手房
香梅花园,84875元/m2,12套在售二手房
金橘新苑,62303元/m2,7套在售二手房
嘉利明珠城,78489元/m2,26套在售二手房
大唐盛世花园,101064元/m2,30套在售二手房
万科金色城市,76619元/m2,11套在售二手房
世华锦城,68130元/m2,12套在售二手房
远中风华园(公寓),127551元/m2,25套在售二手房
九城湖滨国际,47824元/m2,67套在售二手房
阳光花城,65467元/m2,31套在售二手房
淡水湾花园,121462元/m2,7套在售二手房
苏堤春晓名苑,87987元/m2,12套在售二手房
永业公寓,121368元/m2,9套在售二手房
和平花苑,76426元/m2,16套在售二手房
莱诗邸,109727元/m2,14套在售二手房
华润外滩九里,127647元/m2,28套在售二手房
士林华苑,98613元/m2,12套在售二手房
上海花城,71924元/m2,12套在售二手房
水语人家南苑,36077元/m2,23套在售二手房
精文城上城,72548元/m2,16套在售二手房
大华锦绣华城(十一街区),83757元/m2,23套在售二手房
龙盛佳苑,66557元/m2,19套在售二手房
锦秋花园(别墅),49350元/m2,14套在售二手房
翠湖天地雅苑,144908元/m2,11套在售二手房
绿地世纪城(二期),82056元/m2,15套在售二手房
虹浦新城南区,34915元/m2,22套在售二手房
海悦花园,100929元/m2,10套在售二手房
黄山始信苑,82625元/m2,18套在售二手房
中鹰黑森林,89079元/m2,17套在售二手房
阳城贵都,67175元/m2,16套在售二手房
丝庐花语,88150元/m2,10套在售二手房
林绿家园,70243元/m2,5套在售二手房
同济融创玫瑰公馆,62927元/m2,6套在售二手房
四季全景台,96796元/m2,7套在售二手房
春申景城湖滨晨韵,69401元/m2,20套在售二手房
未来域,61983元/m2,17套在售二手房
绿地香颂(浦东)(公寓),53100元/m2,16套在售二手房
金桥新城,59824元/m2,24套在售二手房
万科阳光苑,42180元/m2,41套在售二手房
汇宁花园,76859元/m2,4套在售二手房
愉景华庭,65747元/m2,17套在售二手房
新高苑(一至三期),48039元/m2,54套在售二手房
春天花园,86801元/m2,17套在售二手房
龙湖郦城,38650元/m2,16套在售二手房
东方曼哈顿,117200元/m2,23套在售二手房
大华清水湾,83636元/m2,10套在售二手房
绿地清猗园,47460元/m2,21套在售二手房
三林世博家园(大道站路94弄),50263元/m2,27套在售二手房
古北新城,66414元/m2,26套在售二手房
古北嘉年华庭,96622元/m2,21套在售二手房
张江汤臣豪园(三期),88749元/m2,10套在售二手房
名都城(公寓),64405元/m2,25套在售二手房
合生江湾国际公寓,78240元/m2,17套在售二手房
明日星城,91567元/m2,23套在售二手房
新城金郡,37692元/m2,80套在售二手房
爱家亚洲花园,73418元/m2,26套在售二手房
金杨新村五街坊,56546元/m2,48套在售二手房
中环一号(一期),53256元/m2,37套在售二手房
平江盛世家园,55998元/m2,28套在售二手房
花木苑,75698元/m2,44套在售二手房
江南星城,65565元/m2,36套在售二手房
万科假日风景(公寓),63993元/m2,53套在售二手房
东源名都,54070元/m2,32套在售二手房
张江汤臣豪园(四期),90368元/m2,12套在售二手房
江临天下,89832元/m2,16套在售二手房
耀江花园,122731元/m2,17套在售二手房
静安豪景苑,124868元/m2,15套在售二手房
万科金色里程(公寓),86659元/m2,10套在售二手房
宝地东花园,85791元/m2,5套在售二手房
虹桥豪苑,96864元/m2,15套在售二手房
华润置地橡树湾,82664元/m2,22套在售二手房
中海瀛台,91166元/m2,13套在售二手房
康桥月苑,39304元/m2,29套在售二手房
嘉里华庭,116248元/m2,11套在售二手房
竹园高层,69864元/m2,19套在售二手房
逸翠公馆,71991元/m2,17套在售二手房
华滨家园,63253元/m2,17套在售二手房
万科新里程,81719元/m2,20套在售二手房
绿川新苑,49304元/m2,75套在售二手房
锦博苑,65818元/m2,24套在售二手房
贝尚湾(公寓),52975元/m2,56套在售二手房
绿地崴廉公寓,55568元/m2,56套在售二手房
爱庐世纪新苑,41667元/m2,26套在售二手房
上海春城,59667元/m2,31套在售二手房
丽都成品,66032元/m2,21套在售二手房
新时代花园,62921元/m2,20套在售二手房
虹桥中园,62932元/m2,9套在售二手房
万科朗润园,64144元/m2,9套在售二手房
万科四季花城,40274元/m2,38套在售二手房
上海滩新昌城,109831元/m2,16套在售二手房
万源新城,65475元/m2,9套在售二手房
河风丽景,73116元/m2,18套在售二手房
日月光水岸花园(公寓),71624元/m2,12套在售二手房
圣骊河滨苑,81632元/m2,14套在售二手房
新湖云庭,80519元/m2,13套在售二手房
城中花园,43009元/m2,40套在售二手房
缘圆宝邸,48816元/m2,19套在售二手房
锦秋花园(公寓),45839元/m2,7套在售二手房
东方城市花园(一期),81010元/m2,15套在售二手房
康桥宝邸,42400元/m2,33套在售二手房
万科翡翠公园(公寓),82939元/m2,7套在售二手房
水岸秀苑,42387元/m2,32套在售二手房
新都花园,67941元/m2,3套在售二手房
保利林语溪(公寓),57892元/m2,18套在售二手房
涵合园(公寓),79440元/m2,25套在售二手房
新里城和合苑,79988元/m2,39套在售二手房
香楠小区,58364元/m2,60套在售二手房
新城盛景园,36235元/m2,35套在售二手房
同润菲诗艾伦,35611元/m2,126套在售二手房
新家坡美树馆,85616元/m2,18套在售二手房
金禾新苑,62171元/m2,13套在售二手房
九歌上郡,72954元/m2,14套在售二手房
大华锦绣华城(十二街区),79826元/m2,32套在售二手房
阳光威尼斯(三期),48285元/m2,19套在售二手房
御桥花园,55620元/m2,17套在售二手房
绿地东上海,50709元/m2,39套在售二手房
锦绣满堂花园,87519元/m2,21套在售二手房
三湘四季花城,46123元/m2,53套在售二手房
秋月枫舍,78802元/m2,23套在售二手房
申江豪城,68469元/m2,12套在售二手房
汇翠花园,86401元/m2,20套在售二手房
卓悦居,96997元/m2,19套在售二手房
新天地河滨花园,100980元/m2,24套在售二手房
静安四季苑,132049元/m2,5套在售二手房
君御豪庭,119472元/m2,6套在售二手房
世纪之门,74486元/m2,26套在售二手房
宝宸怡景园,59415元/m2,13套在售二手房
万达城市公寓,53412元/m2,18套在售二手房
盛华景苑,45256元/m2,5套在售二手房
竹园新村(浦东),79434元/m2,38套在售二手房
金地未未来,78208元/m2,19套在售二手房
恒阳花苑,77163元/m2,17套在售二手房
汇贤居,107949元/m2,3套在售二手房
瑞和苑,35784元/m2,23套在售二手房
陆家嘴花园(一期),100246元/m2,13套在售二手房
徐汇苑,96803元/m2,17套在售二手房
文化名园,63135元/m2,12套在售二手房
澜茵华庭,47750元/m2,27套在售二手房
上南花苑(三期),67625元/m2,11套在售二手房
歌林春天馨园,78552元/m2,24套在售二手房
香溢花城(住宅),77360元/m2,29套在售二手房
黄浦新苑(公寓),91101元/m2,21套在售二手房
象源丽都,65734元/m2,19套在售二手房
春港丽园(公寓),49169元/m2,42套在售二手房
达安锦园,104879元/m2,17套在售二手房
万源城尚郡,85094元/m2,21套在售二手房
爱建园,80161元/m2,10套在售二手房
卢湾都市花园,92282元/m2,14套在售二手房
仁恒西郊花园,63483元/m2,24套在售二手房
东方悦居,61975元/m2,20套在售二手房
上城Uptown,79418元/m2,14套在售二手房
东城新村,75617元/m2,44套在售二手房
春申府邸,51417元/m2,13套在售二手房
玉兰香苑(二期),50587元/m2,16套在售二手房
古北瑞仕花园,106312元/m2,11套在售二手房
西雅图嘉萱苑,90706元/m2,8套在售二手房
香榭丽花园,73304元/m2,9套在售二手房
中友嘉园,71853元/m2,11套在售二手房
达安春之声,73047元/m2,13套在售二手房
艺泰安邦,28582元/m2,132套在售二手房
虹桥万博花园,85979元/m2,12套在售二手房
经纬城市绿洲,49352元/m2,9套在售二手房
财富海景花园,123689元/m2,18套在售二手房
锦馨苑,73394元/m2,20套在售二手房
老西门新苑,92254元/m2,6套在售二手房
欣佳宝邸,35177元/m2,20套在售二手房
中海馨园,83121元/m2,11套在售二手房
和欣国际花园,60484元/m2,24套在售二手房
钦州花苑,56982元/m2,28套在售二手房
新城尚上城,32427元/m2,20套在售二手房
古北国际花园,105427元/m2,9套在售二手房
尚汇豪庭,105877元/m2,3套在售二手房
中浩云花园,69834元/m2,11套在售二手房
中邦城市,50468元/m2,13套在售二手房
新家坡园景苑,90628元/m2,18套在售二手房
黄浦众鑫城,91046元/m2,9套在售二手房
东方知音苑,86691元/m2,13套在售二手房
佳龙花园,80424元/m2,17套在售二手房
瑞虹新城璟庭,105169元/m2,20套在售二手房
贵龙园,70841元/m2,11套在售二手房
金都花好悦园,46277元/m2,24套在售二手房
上海滩花园洋房,92518元/m2,6套在售二手房
山水国际,106036元/m2,10套在售二手房
绿地香颂(奉贤)(公寓),19875元/m2,59套在售二手房
保利湖畔阳光苑,33360元/m2,32套在售二手房
新江湾城雍景苑,72999元/m2,14套在售二手房
紫勋风雅苑,90567元/m2,4套在售二手房
大华锦绣华城(十五街区),85549元/m2,21套在售二手房
潍坊九村,98678元/m2,38套在售二手房
绿地世纪城(一期),83360元/m2,5套在售二手房
西班牙名园,65817元/m2,11套在售二手房
大华朗香花园,52177元/m2,11套在售二手房
大华锦绣华城(十六街区)(公寓),78025元/m2,31套在售二手房
金港花园(公寓),34203元/m2,77套在售二手房
盘古天地,37587元/m2,23套在售二手房
宏润花园,92506元/m2,9套在售二手房
南杨小区(长清路),53809元/m2,25套在售二手房
中房樱桃苑,75138元/m2,5套在售二手房
文宝苑,47488元/m2,32套在售二手房
保利叶语(一期)(公寓),54740元/m2,14套在售二手房
中冶尚城,64708元/m2,17套在售二手房
绿洲雅宾利花园(一期),95050元/m2,6套在售二手房
上海大花园,73722元/m2,14套在售二手房
仁恒森兰雅苑,72002元/m2,20套在售二手房
品尊国际,84353元/m2,18套在售二手房
绿地蔷薇九里(公寓),42774元/m2,45套在售二手房
滨江雅苑,56761元/m2,13套在售二手房
三林苑,51109元/m2,21套在售二手房
紫竹半岛花园,65950元/m2,14套在售二手房
文华苑(宝山),50990元/m2,33套在售二手房
大同花园南区,83378元/m2,15套在售二手房
碧云新天地(一期),73551元/m2,22套在售二手房
欧风花都,66703元/m2,13套在售二手房
盛世宝邸(一期),65156元/m2,15套在售二手房
欧风家园,37704元/m2,11套在售二手房
金外滩花园,105322元/m2,7套在售二手房
连城新苑,55350元/m2,12套在售二手房
世博花园,83668元/m2,11套在售二手房
好世凤凰城,53132元/m2,12套在售二手房
新福康里(公寓),98196元/m2,18套在售二手房
电影华苑,95623元/m2,7套在售二手房
阳光美景城,66349元/m2,16套在售二手房
好世鹿鸣苑,76330元/m2,20套在售二手房
康泰新城,50242元/m2,25套在售二手房
水清木华,100501元/m2,13套在售二手房
金地艺境(宝山),42225元/m2,26套在售二手房
聚丰景都,44922元/m2,13套在售二手房
上南翡翠苑,69074元/m2,5套在售二手房
路劲上海派,33699元/m2,18套在售二手房
香港丽园,74707元/m2,10套在售二手房
幸福小镇(公寓),52633元/m2,57套在售二手房
淮海晶华苑,98051元/m2,6套在售二手房
紫晶苑,45831元/m2,17套在售二手房
东方汇景苑,75741元/m2,6套在售二手房
徐汇馨苑,91559元/m2,1套在售二手房
虹桥花苑,68264元/m2,17套在售二手房
阳光名苑,107782元/m2,6套在售二手房
汤臣一品,127347元/m2,1套在售二手房
海尚乐苑,41408元/m2,17套在售二手房
昆阳小区,31353元/m2,78套在售二手房
东明苑,60083元/m2,15套在售二手房
君悦静安,101750元/m2,28套在售二手房
爱法新城,61108元/m2,11套在售二手房
远景佳苑一期,56978元/m2,3套在售二手房
东方巴黎,116267元/m2,7套在售二手房
大华锦绣华城(四街区),75324元/m2,25套在售二手房
新里米兰公寓,34113元/m2,8套在售二手房
夏朵园,33555元/m2,65套在售二手房
大华锦绣华城(十八街区)(公寓),82444元/m2,21套在售二手房
一品漫城(一期)(公寓),58896元/m2,21套在售二手房
静安紫苑,85877元/m2,17套在售二手房
金桥瑞仕花园,91365元/m2,11套在售二手房
海尚逸苑,61862元/m2,19套在售二手房
大运盛城,69555元/m2,12套在售二手房
荣域飘鹰锦和花园(公寓),41619元/m2,15套在售二手房
太阳都市花园,87222元/m2,45套在售二手房
高兴花园,49143元/m2,42套在售二手房
亚都国际名园,90213元/m2,10套在售二手房
阳光城市家园,56400元/m2,7套在售二手房
上海阳城,60203元/m2,18套在售二手房
浦江名邸,71207元/m2,14套在售二手房
海申花园,58212元/m2,13套在售二手房
绿地时代名邸,25378元/m2,86套在售二手房
象屿名城,48171元/m2,22套在售二手房
永翔佳苑,41883元/m2,6套在售二手房
恒大华城东林苑,65013元/m2,16套在售二手房
中星恬园,93147元/m2,5套在售二手房
水清年华花园,54696元/m2,9套在售二手房
密云小区,90749元/m2,34套在售二手房
泰府名邸,114371元/m2,11套在售二手房
御上海,44394元/m2,34套在售二手房
金桂小区,84694元/m2,23套在售二手房
虹桥府邸,82621元/m2,4套在售二手房
绿地海怡公寓,77138元/m2,20套在售二手房
中环一号(二期),57179元/m2,34套在售二手房
强生古北花园,89236元/m2,14套在售二手房
大华锦绣华城(十九街区)(公寓),77080元/m2,26套在售二手房
海上国际花园(一期),78020元/m2,21套在售二手房
徐汇新城(公寓),67519元/m2,25套在售二手房
康桥水都(公寓),35683元/m2,28套在售二手房
南江苑,55713元/m2,24套在售二手房
崮山小区一街坊,85965元/m2,11套在售二手房
新江湾佳苑,83923元/m2,10套在售二手房
虹桥华庭,91355元/m2,17套在售二手房
里昂花园,64442元/m2,10套在售二手房
悠和家园,61562元/m2,5套在售二手房
印象欧洲(公寓),67327元/m2,13套在售二手房
青春驿站,49285元/m2,32套在售二手房
万源城朗郡,81953元/m2,12套在售二手房
金鹤新城双佳翠庭,44402元/m2,23套在售二手房
天馨花园(公寓),36578元/m2,28套在售二手房
万科白马花园(公寓),41489元/m2,30套在售二手房
金地自在城(二期),38334元/m2,63套在售二手房
东方丽景,60961元/m2,11套在售二手房
半岛花园,70635元/m2,7套在售二手房
玉兰香苑(四期),49970元/m2,12套在售二手房
好世皇马苑,42886元/m2,9套在售二手房
静安河滨花园,83429元/m2,7套在售二手房
葑润华庭,47221元/m2,13套在售二手房
新时代富嘉花园,69011元/m2,10套在售二手房
恒盛鼎城华公馆,59914元/m2,6套在售二手房
永新城,111343元/m2,11套在售二手房
浦江馨都,36209元/m2,37套在售二手房
新江湾时代花园,71199元/m2,20套在售二手房
鹤沙航城东茗苑,34786元/m2,5套在售二手房
茂盛城市花园,74165元/m2,18套在售二手房
风度国际,74373元/m2,8套在售二手房
花木绿城锦绣兰庭,108629元/m2,15套在售二手房
银都新村(1至7区),45462元/m2,35套在售二手房
中福浦江汇,106945元/m2,5套在售二手房
龙湖滟澜山(公寓),35467元/m2,39套在售二手房
皇都花园(公寓),73293元/m2,28套在售二手房
嘉御庭,97765元/m2,6套在售二手房
滨江名人苑,97357元/m2,17套在售二手房
浦江颐城(公寓),54638元/m2,17套在售二手房
锦华花园,66839元/m2,5套在售二手房
潍坊十村,100137元/m2,20套在售二手房
御景园,93574元/m2,12套在售二手房
锦绣江南(四期),75287元/m2,17套在售二手房
翰城国际,65588元/m2,6套在售二手房
安居金祁新城,46699元/m2,14套在售二手房
复地新都国际,95903元/m2,9套在售二手房
溧阳华府(公寓),76917元/m2,4套在售二手房
金巷小区,47415元/m2,37套在售二手房
海上硕和城,78145元/m2,9套在售二手房
金轩大邸,74374元/m2,7套在售二手房
大华锦绣华城(十四街区),82020元/m2,15套在售二手房
博学家园,65097元/m2,8套在售二手房
番禺大厦,66132元/m2,23套在售二手房
龙源星城,23332元/m2,44套在售二手房
梅园三街坊,118736元/m2,24套在售二手房
双桥小区,70003元/m2,17套在售二手房
名都新城,65053元/m2,16套在售二手房
浦润苑,34449元/m2,34套在售二手房
海琪园,101357元/m2,8套在售二手房
圣鑫苑,41632元/m2,22套在售二手房
绿地新干线,42369元/m2,19套在售二手房
当代高邸,47314元/m2,9套在售二手房
绿城黄浦湾,131420元/m2,15套在售二手房
虹桥乐庭,100017元/m2,5套在售二手房
地杰国际城D街坊,51532元/m2,8套在售二手房
新舒苑,18775元/m2,30套在售二手房
梅园五街坊,114059元/m2,12套在售二手房
华山花苑,78662元/m2,22套在售二手房
丽江锦庭,42570元/m2,13套在售二手房
杉林新月环林东路879弄,55767元/m2,29套在售二手房
中鼎豪园,53821元/m2,8套在售二手房
恒盛鼎城圣都汇,64083元/m2,19套在售二手房
昌里花园,61268元/m2,5套在售二手房
世茂湖滨花园(公寓),82044元/m2,29套在售二手房
君莲新城广润苑,43442元/m2,21套在售二手房
东淮海公寓,97782元/m2,14套在售二手房
万科城,44827元/m2,41套在售二手房
万科时一区,78663元/m2,22套在售二手房
东方花园三期,74369元/m2,13套在售二手房
锦绣天第花园,86071元/m2,18套在售二手房
乐活居,100286元/m2,25套在售二手房
东方剑桥,105790元/m2,5套在售二手房
四季绿城,54751元/m2,27套在售二手房
汇丽花园,83625元/m2,14套在售二手房
强生花苑,77867元/m2,2套在售二手房
中房公寓,42330元/m2,27套在售二手房
三林新村(永泰路468弄),55249元/m2,8套在售二手房
当代清水园,97445元/m2,17套在售二手房
名门河滨花园,78938元/m2,7套在售二手房
蔚蓝城市花园,71555元/m2,11套在售二手房
文怡苑,41032元/m2,15套在售二手房
大华公园世家康华苑,53983元/m2,16套在售二手房
浦东星河湾,93990元/m2,33套在售二手房
荣和怡景园,54598元/m2,13套在售二手房
茉莉雅苑,31234元/m2,33套在售二手房
鸿艺豪苑,112142元/m2,5套在售二手房
虹桥河滨花园,80855元/m2,15套在售二手房
长宁88金廷,111560元/m2,5套在售二手房
远雄徐汇园,114531元/m2,9套在售二手房
美丽星城,41737元/m2,19套在售二手房
新南家园,27127元/m2,42套在售二手房
新凯城玉兰苑,34712元/m2,21套在售二手房
宜德苑,92663元/m2,5套在售二手房
盛大金磐,105986元/m2,12套在售二手房
汤巷馨村(二期),41440元/m2,8套在售二手房
森林公馆,45721元/m2,32套在售二手房
名嘉新苑,58606元/m2,10套在售二手房
信和花园,72938元/m2,13套在售二手房
水岸豪庭,82971元/m2,7套在售二手房
瑞虹新城铭庭,102374元/m2,11套在售二手房
中粮海景壹号,148170元/m2,2套在售二手房
金色贝拉维,103262元/m2,8套在售二手房
明天华城,48576元/m2,23套在售二手房
西凌新邨,81359元/m2,78套在售二手房
美兰湖岭域,40498元/m2,35套在售二手房
滨江小区,57082元/m2,14套在售二手房
虹桥新城,75793元/m2,9套在售二手房
金沙雅苑(三期),71039元/m2,11套在售二手房
华光花园,56491元/m2,33套在售二手房
新时代景庭,75905元/m2,7套在售二手房
博爱家园,71276元/m2,12套在售二手房
长宁馥邦苑,65937元/m2,5套在售二手房
昱龙家园,38641元/m2,25套在售二手房
保利叶之林(一期),55855元/m2,6套在售二手房
金地格林世界(格林公馆),50580元/m2,10套在售二手房
三林世博家园(东书房路560弄),53040元/m2,16套在售二手房
五月花都荟豪庭,85238元/m2,19套在售二手房
河滨城市花园,54045元/m2,30套在售二手房
中星怡景花园,95961元/m2,2套在售二手房
翰锦苑,69475元/m2,9套在售二手房
流晶逸彩,56680元/m2,17套在售二手房
静安新城七区,69321元/m2,10套在售二手房
中环家园,64383元/m2,17套在售二手房
恒大小区,56745元/m2,20套在售二手房
浅水湾恺悦名城,102477元/m2,5套在售二手房
翠竹苑,51320元/m2,10套在售二手房
宝宸共和家园,56930元/m2,8套在售二手房
天安花园,94358元/m2,15套在售二手房
香阁丽苑,86594元/m2,11套在售二手房
星丰苑,43724元/m2,28套在售二手房
保利叶上海(一期),48624元/m2,46套在售二手房
杉林新月环林东路799弄,54872元/m2,12套在售二手房
华欣家园,49621元/m2,11套在售二手房
杉林新月环林东路875弄,55619元/m2,13套在售二手房
金沙雅苑(一期),62925元/m2,13套在售二手房
华润中央公园(陈翔公路1588弄),52386元/m2,7套在售二手房
米兰诺贵都,42054元/m2,62套在售二手房
罗阳七村,48305元/m2,34套在售二手房
齐爱佳苑,50409元/m2,28套在售二手房
浦发御园,71471元/m2,12套在售二手房
东安二村,67345元/m2,9套在售二手房
培花久远公寓,60779元/m2,22套在售二手房
大宅风范城,43950元/m2,14套在售二手房
嘉利豪园,69441元/m2,9套在售二手房
现代星洲城,79851元/m2,12套在售二手房
梧桐花园,106499元/m2,5套在售二手房
新华世纪园,82857元/m2,6套在售二手房
四季园,81597元/m2,10套在售二手房
绿洲城市花园,78159元/m2,12套在售二手房
金羽名庭,86772元/m2,5套在售二手房
金虹桥井亭苑,68518元/m2,8套在售二手房
康桥花园,42546元/m2,33套在售二手房
合生时代锦苑(公寓),89156元/m2,3套在售二手房
泾东小区,70748元/m2,18套在售二手房
光鸿苑,69540元/m2,10套在售二手房
东苑古龙城(公寓),73445元/m2,8套在售二手房
爱家豪庭,88329元/m2,5套在售二手房
新城悠活城,34628元/m2,29套在售二手房
宜浩佳园,28928元/m2,40套在售二手房
华东花苑,56453元/m2,21套在售二手房
金鹏花园,64349元/m2,17套在售二手房
羽北小区,78415元/m2,10套在售二手房
陆家嘴花园(二期),96809元/m2,6套在售二手房
嘉园,88067元/m2,12套在售二手房
蒙西小区,88621元/m2,35套在售二手房
盛源家豪城,80536元/m2,14套在售二手房
明珠苑(浦东),77284元/m2,13套在售二手房
银春小区,39084元/m2,25套在售二手房
杨浦欣园,71374元/m2,6套在售二手房
永兆豪庭,72319元/m2,4套在售二手房
卢湾城市花园,95358元/m2,6套在售二手房
海尚明城,36918元/m2,31套在售二手房
梅园四街坊,104092元/m2,22套在售二手房
长岛公寓,49287元/m2,37套在售二手房
佳兆业壹号,39159元/m2,14套在售二手房
珠江香樟南园,75330元/m2,14套在售二手房
保利御樽苑(公寓),62387元/m2,23套在售二手房
南京西路公馆,100187元/m2,9套在售二手房
久阳滨江公寓,74079元/m2,8套在售二手房
金沙丽晶苑,57407元/m2,4套在售二手房
雅戈尔长风8号,93212元/m2,8套在售二手房
象屿品城,40760元/m2,20套在售二手房
新华南园大厦,80088元/m2,12套在售二手房
银河新都,48993元/m2,23套在售二手房
东旺名苑,68205元/m2,7套在售二手房
大宁金茂府,105631元/m2,7套在售二手房
创智坊(公寓),74133元/m2,9套在售二手房
绿地世纪城(三期),83520元/m2,3套在售二手房
富友嘉园,37659元/m2,29套在售二手房
书香名第,58266元/m2,4套在售二手房
合景叠翠峰苑,34638元/m2,33套在售二手房
中远行家,67768元/m2,12套在售二手房
万科清林径,35458元/m2,30套在售二手房
金领国际(公寓),43724元/m2,67套在售二手房
静安阳光名都,100812元/m2,4套在售二手房
大宁瑞仕花园,87836元/m2,6套在售二手房
古美小区,55790元/m2,36套在售二手房
大宁龙盛雅苑,91106元/m2,5套在售二手房
城市方园,50136元/m2,18套在售二手房
水岸蓝桥(公寓),65055元/m2,24套在售二手房
川杨新苑(二期),48759元/m2,15套在售二手房
象屿都城,40606元/m2,28套在售二手房
星颂家园,42094元/m2,52套在售二手房
绿洲香岛花园,40554元/m2,43套在售二手房
绿地秋霞坊(公寓),42465元/m2,12套在售二手房
东陆新村五街坊,62637元/m2,22套在售二手房
虹康花苑(三期),74347元/m2,13套在售二手房
怡福苑,69539元/m2,10套在售二手房
共富二村,38582元/m2,28套在售二手房
菊泉新城(菊盛路50弄),39775元/m2,30套在售二手房
新凤城,93020元/m2,9套在售二手房
维多利华庭,82000元/m2,4套在售二手房
益丰新村,50488元/m2,31套在售二手房
思南新苑,110625元/m2,7套在售二手房
沿海丽水馨庭(别墅),40763元/m2,21套在售二手房
丝庐雅苑(公寓),33088元/m2,48套在售二手房
衡园,94294元/m2,7套在售二手房
创世纪花园,86491元/m2,6套在售二手房
三盛颐景园(公寓),38830元/m2,34套在售二手房
上海知音苑,85805元/m2,7套在售二手房
远洋香奈,41408元/m2,16套在售二手房
华侨城,111100元/m2,18套在售二手房
锦绣一方名苑,73248元/m2,11套在售二手房
欣晟家园,64526元/m2,4套在售二手房
汇颂南苑,36155元/m2,11套在售二手房
万科金色领域,36442元/m2,22套在售二手房
赤峰小区,65044元/m2,33套在售二手房
秋水云庐,81065元/m2,6套在售二手房
上隽嘉苑(公寓),40671元/m2,19套在售二手房
绿波城,46659元/m2,24套在售二手房
巴黎之春,55893元/m2,6套在售二手房
同济新村,79727元/m2,12套在售二手房
珠江香樟园,74745元/m2,9套在售二手房
润江花苑,30933元/m2,61套在售二手房
碧云东方公寓,88782元/m2,10套在售二手房
达城锦园,42075元/m2,14套在售二手房
祥和星宇花园(公寓),55264元/m2,18套在售二手房
中虹家园,42352元/m2,70套在售二手房
瑞和新苑浦涛路400弄,35393元/m2,4套在售二手房
蓝色港湾(公寓),57368元/m2,18套在售二手房
中海紫御豪庭(公寓),80752元/m2,13套在售二手房
恒大翰城瀚林苑,60089元/m2,1套在售二手房
绿色丽园,87723元/m2,5套在售二手房
华丽家族花园,96616元/m2,10套在售二手房
雍江星座香园,78409元/m2,2套在售二手房
昌七小区,54843元/m2,24套在售二手房
新梅花苑,47244元/m2,30套在售二手房
沁春园三村,50746元/m2,13套在售二手房
静安花苑(二),67620元/m2,1套在售二手房
东方丽都,40061元/m2,13套在售二手房
顺馨佳园,45703元/m2,5套在售二手房
万业紫辰苑,40368元/m2,27套在售二手房
临汾名城,57591元/m2,13套在售二手房
雍华府(公寓),57158元/m2,31套在售二手房
丽都城假日景苑,47611元/m2,17套在售二手房
锦绿新城,70607元/m2,5套在售二手房
中建溪岸澜庭,44642元/m2,6套在售二手房
慧华苑,36720元/m2,10套在售二手房
太原邸,135733元/m2,2套在售二手房
中星海上景庭,79455元/m2,10套在售二手房
圣约翰名邸,87961元/m2,11套在售二手房
九龙仓玺园,93855元/m2,11套在售二手房
华山夏都苑,102947元/m2,5套在售二手房
东苑怡景园,60840元/m2,3套在售二手房
三门路358弄,50533元/m2,25套在售二手房
河滨大楼,86406元/m2,10套在售二手房
馨宁公寓,60751元/m2,13套在售二手房
华升新苑,76970元/m2,16套在售二手房
福源汇居,118633元/m2,7套在售二手房
金地格林世界(卢尔公寓),45254元/m2,8套在售二手房
芙蓉花苑,75695元/m2,6套在售二手房
海华花园,81481元/m2,9套在售二手房
世纪之春花园,74972元/m2,10套在售二手房
凯德茂名公馆,149925元/m2,3套在售二手房
新弘国际城(公寓),34908元/m2,38套在售二手房
桃园新城中虹佳园,35907元/m2,10套在售二手房
保利金色唐城,57656元/m2,16套在售二手房
大众春盛苑,26009元/m2,31套在售二手房
金杨新村九街坊,55221元/m2,53套在售二手房
明园小安桥,91434元/m2,7套在售二手房
北茶园,65863元/m2,28套在售二手房
新凯城香樟苑,33710元/m2,31套在售二手房
鹏海小区,52842元/m2,46套在售二手房
名都古北,82407元/m2,17套在售二手房
华悦家园,82844元/m2,2套在售二手房
荣盛名邸(公寓),33694元/m2,43套在售二手房
万科华尔兹,91637元/m2,4套在售二手房
锦绣江南(一期),66812元/m2,13套在售二手房
柏林春天,58304元/m2,22套在售二手房
翠庭,88437元/m2,7套在售二手房
尊园,99333元/m2,9套在售二手房
万科琥珀郡园,42183元/m2,25套在售二手房
新凯城银杏苑,32777元/m2,35套在售二手房
达城家园,41000元/m2,17套在售二手房
东南华庭,72094元/m2,7套在售二手房
中环花苑,71385元/m2,6套在售二手房
新虹桥雅苑,56556元/m2,34套在售二手房
上大聚丰园,41721元/m2,10套在售二手房
愚园公馆,114289元/m2,3套在售二手房
银桥花园,35863元/m2,22套在售二手房
新世纪花苑(二期)(浦东),59457元/m2,29套在售二手房
金色西郊城,39341元/m2,21套在售二手房
复地雅园,96966元/m2,9套在售二手房
万里雅筑,69381元/m2,5套在售二手房
逸流公寓,83260元/m2,6套在售二手房
东安一村,69227元/m2,53套在售二手房
金桥爱建园,85548元/m2,17套在售二手房
荣盛名邸(公寓),33694元/m2,43套在售二手房
合生御廷园(别墅),36440元/m2,6套在售二手房
天山新苑,74937元/m2,9套在售二手房
三和花园,84480元/m2,26套在售二手房
西上海名邸,32204元/m2,16套在售二手房
玉田新村,57400元/m2,29套在售二手房
文化花园香榭丽苑,63750元/m2,13套在售二手房
汇智湖畔家园,85989元/m2,5套在售二手房
枫庭丽苑,,56544元/m2,15套在售二手房
伟业金锦苑二村,57229元/m2,22套在售二手房
金坤花园,54875元/m2,9套在售二手房
龙阳花苑,71325元/m2,4套在售二手房
知雅汇(公寓),40890元/m2,34套在售二手房
绿地颐景嘉园,41813元/m2,9套在售二手房
华府天地,136108元/m2,3套在售二手房
新梅淞南苑,57169元/m2,7套在售二手房
海联花苑,62520元/m2,10套在售二手房
中金海棠湾(公寓),45781元/m2,13套在售二手房
阳光威尼斯(一期),48724元/m2,25套在售二手房
东湖名苑,80005元/m2,5套在售二手房
东湖名苑,80005元/m2,5套在售二手房
阳光威尼斯(一期),48724元/m2,25套在售二手房
同济城市阳光,50624元/m2,6套在售二手房
中信虹港名庭,91868元/m2,7套在售二手房
怡东花园(公寓),84070元/m2,9套在售二手房
玉兰花苑,81599元/m2,11套在售二手房
新长征花苑,56914元/m2,19套在售二手房
天际花园,102174元/m2,7套在售二手房
阳明新城,72956元/m2,13套在售二手房
新梅绿岛苑,54252元/m2,7套在售二手房
长发虹桥公寓,71847元/m2,7套在售二手房
大华一村,49693元/m2,48套在售二手房
绿茵苑(浦东),54172元/m2,11套在售二手房
安居古浪新苑,48719元/m2,17套在售二手房
建业新村,57062元/m2,10套在售二手房
古北国际广场,100850元/m2,10套在售二手房
公馆77,122647元/m2,1套在售二手房
路易凯旋宫,95460元/m2,13套在售二手房
贵峰苑,44311元/m2,38套在售二手房
阳光苑,37623元/m2,51套在售二手房
金桥名都,67763元/m2,13套在售二手房
黄浦华庭,105201元/m2,3套在售二手房
星辰园(公寓),41247元/m2,24套在售二手房
凤城二村,57234元/m2,41套在售二手房
静安丽舍,89479元/m2,4套在售二手房
新天地荻泾花园,41178元/m2,28套在售二手房
大华二村,52272元/m2,43套在售二手房
源城锦翠苑,67344元/m2,7套在售二手房
文化佳园,80570元/m2,8套在售二手房
牡丹小区(浦东),76226元/m2,33套在售二手房
滨江凯旋门,135836元/m2,11套在售二手房
明月坊,75675元/m2,11套在售二手房
心圆西苑,42650元/m2,19套在售二手房
金鼎香樟苑,49473元/m2,19套在售二手房
罗山怡景苑,81663元/m2,7套在售二手房
仁恒东郊花园,71836元/m2,15套在售二手房
明园世纪城,102448元/m2,3套在售二手房
加州水郡,86284元/m2,6套在售二手房
罗山花苑,94386元/m2,17套在售二手房
丽水豪庭,29119元/m2,36套在售二手房
上南二村,62690元/m2,17套在售二手房
新电小区,55149元/m2,5套在售二手房
万源城逸郡,80893元/m2,8套在售二手房
蔷薇新村,38489元/m2,37套在售二手房
田林十二村,85671元/m2,18套在售二手房
金苹果花园,63316元/m2,9套在售二手房
风华水岸,80946元/m2,7套在售二手房
仙都绿苑,53297元/m2,13套在售二手房
澳丽花园,85473元/m2,6套在售二手房
华侨城苏河湾(公寓),137137元/m2,8套在售二手房
城市经典二期(公寓),66942元/m2,11套在售二手房
恒昌花园,75930元/m2,6套在售二手房
海上海新城(公寓),86869元/m2,9套在售二手房
隆德小区,64186元/m2,6套在售二手房
静安风华苑,87719元/m2,1套在售二手房
虹叶茗园,78548元/m2,8套在售二手房
毕加索小镇(二期)(公寓),58095元/m2,19套在售二手房
达安城,93860元/m2,11套在售二手房
巴黎花园,71490元/m2,9套在售二手房
长白新城,76954元/m2,5套在售二手房
瀚林世家,110015元/m2,8套在售二手房
白玉兰家园,109665元/m2,1套在售二手房
建德坊,111401元/m2,7套在售二手房
红旗四街坊,35273元/m2,72套在售二手房
凤城三村,56863元/m2,55套在售二手房
莱顿小城,34505元/m2,42套在售二手房
金硕河畔景园东区,34018元/m2,20套在售二手房
嘉富丽苑,57609元/m2,11套在售二手房
瑞嘉苑,82527元/m2,6套在售二手房
万顺水原墅(公寓),38485元/m2,33套在售二手房
巨东小区,89597元/m2,13套在售二手房
通协小区,63248元/m2,8套在售二手房
建华新苑,89549元/m2,6套在售二手房
保利茉莉公馆二期,65458元/m2,12套在售二手房
绿地景汇佳苑,50026元/m2,15套在售二手房
都市富苑,36677元/m2,13套在售二手房
永新花苑,98225元/m2,12套在售二手房
恒升半岛,63541元/m2,7套在售二手房
银都新村(8至10区),45173元/m2,11套在售二手房
南山雨果(公寓),48203元/m2,42套在售二手房
玉兰香苑(一期),49393元/m2,12套在售二手房
新凯城丹桂苑,37530元/m2,27套在售二手房
大家源新城,93562元/m2,5套在售二手房
桃林一小区,87638元/m2,16套在售二手房
民苑小区,83138元/m2,3套在售二手房
高行绿洲(五期),43399元/m2,17套在售二手房
兆丰嘉园,98448元/m2,6套在售二手房
徐汇长春苑,84725元/m2,4套在售二手房
香逸湾,41939元/m2,25套在售二手房
陆家嘴锦绣前城,95817元/m2,12套在售二手房
静安新城五区,60801元/m2,20套在售二手房
金杨新村三街坊,56555元/m2,52套在售二手房
东方花园二期,74632元/m2,11套在售二手房
思南公馆,145863元/m2,2套在售二手房
华敏世纪广场,83366元/m2,9套在售二手房
绿地名人坊,89747元/m2,6套在售二手房
城林雅苑,49549元/m2,7套在售二手房
四和花园,107105元/m2,29套在售二手房
绿地御桥苑,58380元/m2,4套在售二手房
汇贤雅居,117008元/m2,6套在售二手房
古北菊翔苑(菊联路233弄),44221元/m2,19套在售二手房
伟业金锦苑三村,58160元/m2,23套在售二手房
百兴花园,62802元/m2,10套在售二手房
宜达新居,32548元/m2,36套在售二手房
金桥新家园,60482元/m2,13套在售二手房
金帝城市岸泊(公寓),37964元/m2,38套在售二手房
共富一村,38840元/m2,42套在售二手房
绿中海明苑(公寓),46902元/m2,24套在售二手房
广杭苑,68526元/m2,12套在售二手房
浦江丽都,34797元/m2,13套在售二手房
香山新村东北街坊,56788元/m2,33套在售二手房
长阳新苑,71906元/m2,10套在售二手房
虹桥城市花园(公寓),104169元/m2,4套在售二手房
祥和家园,56797元/m2,13套在售二手房
静安新城四区,55866元/m2,22套在售二手房
九英里,56139元/m2,8套在售二手房
宝华城市花园,80480元/m2,7套在售二手房
紫阳花苑,43567元/m2,9套在售二手房
鹿特丹花园,63662元/m2,7套在售二手房
恒盛苑,78915元/m2,11套在售二手房
东岸新里,71661元/m2,2套在售二手房
古北菊翔苑(菊联路233弄),44221元/m2,19套在售二手房
莘城公寓,52382元/m2,21套在售二手房
采菊苑,42519元/m2,21套在售二手房
万馨佳园,44342元/m2,18套在售二手房
水月坊,71854元/m2,2套在售二手房
保利家园(公寓),36022元/m2,22套在售二手房
天和湖滨家园(公寓),36544元/m2,39套在售二手房
名仕苑,107637元/m2,2套在售二手房
名门滨江苑,87249元/m2,6套在售二手房
浦江世博家园八街坊,45222元/m2,17套在售二手房
三林世博家园(东书房路390弄),50746元/m2,18套在售二手房
绿地新里派克公馆,40923元/m2,11套在售二手房
西郊紫薇花园,120523元/m2,5套在售二手房
第九城市(一期),95954元/m2,15套在售二手房
牡丹逸庭,31458元/m2,34套在售二手房
鸿凯湾绿苑,99698元/m2,7套在售二手房
皇家花园,98362元/m2,9套在售二手房
祁连二村,41337元/m2,19套在售二手房
光华园,82443元/m2,20套在售二手房
天鸿公寓,71253元/m2,7套在售二手房
浦江宝邸,31156元/m2,24套在售二手房
锦绣苑,65755元/m2,13套在售二手房
恒大华城新华苑,61791元/m2,7套在售二手房
合生高尔夫公寓,87452元/m2,3套在售二手房
金杨七街坊,55231元/m2,67套在售二手房
阳光翠竹苑,91287元/m2,10套在售二手房
罗马花园,60411元/m2,5套在售二手房
淞南五村,44703元/m2,46套在售二手房
朗诗未来树,38960元/m2,38套在售二手房
挹翠苑,64012元/m2,11套在售二手房
中海万锦城(三期),87128元/m2,5套在售二手房
临江豪园,94265元/m2,4套在售二手房
古北虹苑,66191元/m2,14套在售二手房
汇锦城二期,33451元/m2,43套在售二手房
第九城市(二期),99366元/m2,9套在售二手房
崧泽华城秀景苑,37108元/m2,20套在售二手房
第五大道,93585元/m2,7套在售二手房
新凯城紫竹苑,35144元/m2,8套在售二手房
韵都城,74790元/m2,16套在售二手房
城市名园,50780元/m2,28套在售二手房
上海源花城,39251元/m2,41套在售二手房
莲浦府邸(公寓),68891元/m2,10套在售二手房
中星海上名庭(公寓),75834元/m2,6套在售二手房
圣天地酒店式公寓,75557元/m2,28套在售二手房
陆家嘴新景园,74423元/m2,12套在售二手房
汤巷馨村(一期),44522元/m2,3套在售二手房
浦江智汇园,50084元/m2,6套在售二手房
爱俪轩,72739元/m2,10套在售二手房
上南九村,59231元/m2,21套在售二手房
金谷园,71373元/m2,11套在售二手房
阳城世家苑,67962元/m2,2套在售二手房
金牛苑,57245元/m2,11套在售二手房
绿城上海御园,86713元/m2,3套在售二手房
中信和平家园,94601元/m2,8套在售二手房
浦发博园(公寓),64526元/m2,8套在售二手房
控江路1200弄,77917元/m2,22套在售二手房
东苑半岛花园(公寓),68617元/m2,9套在售二手房
亭汇花苑,39423元/m2,18套在售二手房
白金湾府邸,113275元/m2,9套在售二手房
四季晶园,85977元/m2,5套在售二手房
嘉富丽苑,57609元/m2,11套在售二手房
香榭苑,75403元/m2,4套在售二手房
虹桥1号,39738元/m2,16套在售二手房
黄山新村,75217元/m2,24套在售二手房
控江五村,53625元/m2,38套在售二手房
南方城,74912元/m2,6套在售二手房
汇峰鼎园,113303元/m2,7套在售二手房
日晖六村,70275元/m2,23套在售二手房
德盈佳园,24661元/m2,43套在售二手房
白玉新村,71503元/m2,16套在售二手房
晶波坊,50749元/m2,20套在售二手房
博山小区,57975元/m2,15套在售二手房
武宁小城,68416元/m2,10套在售二手房
浦江茗园,97564元/m2,10套在售二手房
虹桥晶典苑,63851元/m2,5套在售二手房
保利叶语(二期)(公寓),53445元/m2,23套在售二手房
红旗小区,32955元/m2,44套在售二手房
嘉和阳光城,44658元/m2,15套在售二手房
金沙嘉年华,63939元/m2,17套在售二手房
海鑫公寓,57664元/m2,12套在售二手房
金汇华光城,62897元/m2,6套在售二手房
联洋花园(三期),86376元/m2,5套在售二手房
三江小区,87392元/m2,19套在售二手房
贝越流明新苑,49566元/m2,10套在售二手房
静安艺庭,69677元/m2,7套在售二手房
中大九里德(公寓),45810元/m2,45套在售二手房
江杨家园,58871元/m2,19套在售二手房
外滩99,93336元/m2,7套在售二手房
聚缘南庭,30910元/m2,25套在售二手房
东方冠郡,31279元/m2,40套在售二手房
宝华海尚郡领,92012元/m2,16套在售二手房
凯旋都市花园,76422元/m2,5套在售二手房
徐汇御景苑,84027元/m2,9套在售二手房
景源佳苑,50431元/m2,10套在售二手房
瑞阳苑,35213元/m2,12套在售二手房
龙柏香榭苑,70487元/m2,9套在售二手房
中环锦园,65109元/m2,8套在售二手房
解放新村,24736元/m2,34套在售二手房
南洋新都,77222元/m2,7套在售二手房
瑞金尊邸,92665元/m2,6套在售二手房
雅典花苑,63485元/m2,10套在售二手房
绿地香颂(奉贤)(别墅),22313元/m2,32套在售二手房
布鲁斯小镇(公寓),29221元/m2,67套在售二手房
虹桥世家花园(公寓),69708元/m2,10套在售二手房
徐汇御苑,102948元/m2,2套在售二手房
金江家园,58724元/m2,5套在售二手房
桃浦二村永汇新苑,44087元/m2,24套在售二手房
静安均泰丽轩,103576元/m2,5套在售二手房
虹景苑,41016元/m2,16套在售二手房
上海豪都国际花园(公寓),33602元/m2,50套在售二手房
金光小区,62466元/m2,6套在售二手房
平南三四村,59671元/m2,15套在售二手房
上大阳光乾和园,46197元/m2,0套在售二手房
黄兴绿园,69617元/m2,17套在售二手房
繁荣昌盛,86272元/m2,9套在售二手房
华高一村,45069元/m2,32套在售二手房
文定天下苑,114806元/m2,2套在售二手房
丽泽荷亭苑,19456元/m2,22套在售二手房
保利西岸,142645元/m2,4套在售二手房
保利西岸,142645元/m2,4套在售二手房
嘉丽苑(徐汇),127938元/m2,2套在售二手房
阳光西班牙,75325元/m2,5套在售二手房
鞍山四村第三小区,69858元/m2,35套在售二手房
杨镇新村,43148元/m2,30套在售二手房
海尚佳园,83477元/m2,6套在售二手房
海洲丽园,94089元/m2,8套在售二手房
世和园,68843元/m2,7套在售二手房
大上海城市花园,86385元/m2,4套在售二手房
联富假日公寓,83493元/m2,9套在售二手房
阳城花园,62690元/m2,17套在售二手房
森兰名轩,76421元/m2,1套在售二手房
香山新村东南街坊,56228元/m2,42套在售二手房
长桥一村,82486元/m2,26套在售二手房
丽景翠庭,37334元/m2,9套在售二手房
东方滨港园,82097元/m2,9套在售二手房
锦绣花木公寓,75762元/m2,6套在售二手房
华唐苑,42154元/m2,9套在售二手房
桂林苑,59847元/m2,11套在售二手房
白雪公主,59113元/m2,8套在售二手房
张江汤臣豪园(一期)(公寓),71267元/m2,3套在售二手房
云台二小区,60002元/m2,21套在售二手房
乾溪新村,44010元/m2,23套在售二手房
学林苑,48444元/m2,19套在售二手房
绿川小区,48956元/m2,47套在售二手房
东方城市华庭,61575元/m2,8套在售二手房
东外滩1号,84804元/m2,6套在售二手房
阳光绿园,71940元/m2,8套在售二手房
幸福宜居,10725元/m2,5套在售二手房
望族苑,60253元/m2,9套在售二手房
龙湖好望山(公寓),43042元/m2,19套在售二手房
金铭文博水景(公寓),56977元/m2,19套在售二手房
绿地东岸涟城,25697元/m2,31套在售二手房
金利公寓,44577元/m2,32套在售二手房
春申玫瑰苑,57157元/m2,7套在售二手房
虹桥中山广场,70496元/m2,9套在售二手房
御沁园(公寓),41760元/m2,11套在售二手房
锦杨苑,68460元/m2,8套在售二手房
丰庄十二街坊,43090元/m2,36套在售二手房
嘉天汇,143478元/m2,4套在售二手房
紫虹嘉苑,80699元/m2,6套在售二手房
国际明佳城,78248元/m2,5套在售二手房
汤臣商务中心,59266元/m2,8套在售二手房
临沂六村,54926元/m2,25套在售二手房
紫叶花园,56830元/m2,38套在售二手房
东绣苑,41995元/m2,4套在售二手房
文兰小区,65868元/m2,14套在售二手房
海逸公寓,75245元/m2,4套在售二手房
梅园六街坊,120495元/m2,6套在售二手房
中兴财富国际公寓,75784元/m2,9套在售二手房
湖畔天下(公寓),39957元/m2,9套在售二手房
三佳花苑,70157元/m2,24套在售二手房
泰和新城(泰和西路3499弄),36251元/m2,13套在售二手房
未名园,52893元/m2,17套在售二手房
沪东新村,46720元/m2,51套在售二手房
绿洲康城亲水湾(东区),51623元/m2,14套在售二手房
盛世豪园(一期),72229元/m2,4套在售二手房
嘉宝紫提湾(公寓),39333元/m2,19套在售二手房
珠江玫瑰花园(公寓),65150元/m2,4套在售二手房
望族新苑,65125元/m2,10套在售二手房
中虹华苑,43444元/m2,15套在售二手房
阳明国际花苑,53887元/m2,13套在售二手房
汉中小区,73787元/m2,9套在售二手房
江南山水,66342元/m2,8套在售二手房
中天碧云,85305元/m2,12套在售二手房
金唐公寓,47206元/m2,24套在售二手房
实业公寓,80356元/m2,6套在售二手房
汤臣豪庭,70621元/m2,13套在售二手房
春江锦庐,60651元/m2,9套在售二手房
圣骊澳门苑,83123元/m2,4套在售二手房
东方龙苑,77007元/m2,22套在售二手房
古北御庭,106781元/m2,19套在售二手房
阳光欧洲城(别墅),60126元/m2,12套在售二手房
桃浦七村雪松苑,40703元/m2,56套在售二手房
东方吉苑,62534元/m2,12套在售二手房
联洋花园(二期),90818元/m2,4套在售二手房
海上新村,51953元/m2,23套在售二手房
南丹小区,110250元/m2,17套在售二手房
齐二小区,56676元/m2,22套在售二手房
聚缘北庭,30910元/m2,20套在售二手房
静安新城三区,56311元/m2,7套在售二手房
明珠家园(黄浦),92214元/m2,7套在售二手房
淮海世纪花苑,77742元/m2,3套在售二手房
华泾绿苑,50864元/m2,6套在售二手房
当代新华,84553元/m2,3套在售二手房
吉利名苑,72014元/m2,7套在售二手房
佳泰花园,71193元/m2,10套在售二手房
上海未来,85605元/m2,4套在售二手房
中福城,99969元/m2,8套在售二手房
海珀旭晖,138308元/m2,4套在售二手房
金霞苑,45913元/m2,9套在售二手房
中华小区,68166元/m2,38套在售二手房
东陆新村六街坊,53040元/m2,33套在售二手房
菊泉新城(陆翔路358弄),41491元/m2,24套在售二手房
同方锦城,62499元/m2,20套在售二手房
春江花悦园,56262元/m2,8套在售二手房
圣骊澳门苑,83123元/m2,4套在售二手房
宁兴上尚湾,48148元/m2,10套在售二手房
枫泽苑,41817元/m2,9套在售二手房
广洋华景苑,93169元/m2,6套在售二手房
上大阳光乾清园,46287元/m2,7套在售二手房
东安花苑,63114元/m2,7套在售二手房
上虹新村,57786元/m2,14套在售二手房
济南路8号,117956元/m2,3套在售二手房
西郊九韵城,43871元/m2,25套在售二手房
海富公寓,67526元/m2,12套在售二手房
雪野家园(公寓),88075元/m2,0套在售二手房
控江四村,56816元/m2,52套在售二手房
古北中央花园,110898元/m2,2套在售二手房
徐虹华庭,97679元/m2,3套在售二手房
金桂苑(徐汇),61405元/m2,10套在售二手房
长虹小区,69934元/m2,20套在售二手房
沧源小区,38323元/m2,29套在售二手房
四季雅苑(别墅),137915元/m2,12套在售二手房
心圆东苑,,42410元/m2,6套在售二手房
银杏家园,81290元/m2,11套在售二手房
康健丽都,71095元/m2,4套在售二手房
畅园,92747元/m2,4套在售二手房
世博家园十一街坊,44802元/m2,16套在售二手房
万里晶品苑,67025元/m2,4套在售二手房
川杨新苑(三期),49475元/m2,11套在售二手房
绿地南桥新苑,35260元/m2,40套在售二手房
玉兰香苑(三期),52849元/m2,10套在售二手房
万景园,62525元/m2,7套在售二手房
爱博二村,51115元/m2,12套在售二手房
莘城苑,38931元/m2,36套在售二手房
淞虹公寓,56949元/m2,10套在售二手房
东方御花园,53180元/m2,6套在售二手房
梅岭苑,61904元/m2,17套在售二手房
田林十一村,76311元/m2,25套在售二手房
绿洲湖畔花园,71991元/m2,10套在售二手房
天鼎花园,88086元/m2,3套在售二手房
嘉怡水岸(公寓),39799元/m2,21套在售二手房
桃园新城中城苑,37907元/m2,12套在售二手房
荷三小区,50633元/m2,22套在售二手房
香樟苑(浦东),52592元/m2,15套在售二手房
金地褐石苑,43118元/m2,25套在售二手房
河畔家苑,36513元/m2,14套在售二手房
御翠园,118632元/m2,14套在售二手房
虹桥高尔夫别墅,71515元/m2,10套在售二手房
宁阳福邸,77070元/m2,2套在售二手房
联洋花园(一期),88566元/m2,6套在售二手房
银泰苑,40585元/m2,1套在售二手房
虹桥帝梵尼,65569元/m2,8套在售二手房
锦绣华庭,83785元/m2,5套在售二手房
田林十四村,76764元/m2,28套在售二手房
士韵家园,50193元/m2,13套在售二手房
双秀西园,43371元/m2,31套在售二手房
鼎鑫名流世家,44534元/m2,23套在售二手房
滴水湖馨苑,29404元/m2,12套在售二手房
仁恒怡庭,84415元/m2,7套在售二手房
朱家滩小区,113243元/m2,12套在售二手房
高境一村,45848元/m2,27套在售二手房
金塔新村,33624元/m2,45套在售二手房
五洲云景花苑,40946元/m2,17套在售二手房
紫翠高清苑,51922元/m2,6套在售二手房
达安圣芭芭花园,39939元/m2,18套在售二手房
荣顺苑,41403元/m2,17套在售二手房
万里欣苑,63898元/m2,2套在售二手房
中山公寓,85566元/m2,4套在售二手房
华府樟园,80693元/m2,8套在售二手房
保利天鹅语(公寓),37029元/m2,12套在售二手房
象屿郦庭,59639元/m2,10套在售二手房
平阳绿家园,59021元/m2,10套在售二手房
浦江瑞和城,33673元/m2,19套在售二手房
南园小区,77539元/m2,19套在售二手房
沪中新苑,102121元/m2,6套在售二手房
天恒名城,44076元/m2,20套在售二手房
蓝高小区,70103元/m2,20套在售二手房
虹桥中山广场,70496元/m2,9套在售二手房
泉东小区,105131元/m2,7套在售二手房
龙山新村,69965元/m2,41套在售二手房
恒盛豪庭,61706元/m2,8套在售二手房
真源小区,56828元/m2,17套在售二手房
丽和苑,58959元/m2,4套在售二手房
音乐广场,83516元/m2,9套在售二手房
阳光水岸苑,45813元/m2,10套在售二手房
三春汇秀苑,48065元/m2,7套在售二手房
万科晶源(别墅),43305元/m2,6套在售二手房
文化馨苑,61041元/m2,16套在售二手房
桃林小区,85148元/m2,8套在售二手房
东海园,113068元/m2,7套在售二手房
常发豪庭国际,38376元/m2,7套在售二手房
花园城,75684元/m2,4套在售二手房
雍景园,77544元/m2,6套在售二手房
海洲桃花园,36708元/m2,28套在售二手房
中梅苑,59919元/m2,11套在售二手房
博三小区,59645元/m2,11套在售二手房
东上海中心,72982元/m2,3套在售二手房
万峰梦湖苑,68919元/m2,7套在售二手房
南洋博仕欣居,46247元/m2,10套在售二手房
尚浦名邸,84469元/m2,9套在售二手房
金沙鼎苑,40293元/m2,23套在售二手房
凤庆小区,32759元/m2,45套在售二手房
明丰花园,57520元/m2,17套在售二手房
昌四小区,54607元/m2,23套在售二手房
莱阳新家园,52101元/m2,13套在售二手房
虹叶花苑,70878元/m2,7套在售二手房
绿地蔷薇九里(别墅),55077元/m2,12套在售二手房
凯虹家园,72467元/m2,3套在售二手房
望春都市家园,75988元/m2,2套在售二手房
华高二村,47486元/m2,29套在售二手房
嘉宝都市港湾,58587元/m2,6套在售二手房
嘉华苑(宝山),61972元/m2,6套在售二手房
广兰名苑,56897元/m2,6套在售二手房
嘉和花苑,63106元/m2,9套在售二手房
摩卡小城,42587元/m2,19套在售二手房
上大阳光乾静园,46653元/m2,7套在售二手房
金色港湾,90238元/m2,8套在售二手房
华润中央公园(芳礼路99弄)(公寓),56165元/m2,8套在售二手房
曹杨五月天,58991元/m2,13套在售二手房
天台家园,79403元/m2,10套在售二手房
川杨新苑(一期),50193元/m2,13套在售二手房
宁和小区,85392元/m2,14套在售二手房
建邦16区,95494元/m2,9套在售二手房
耀江国际广场(公寓),80272元/m2,6套在售二手房
嘉骏花苑,52959元/m2,13套在售二手房
和泰玫瑰园,76807元/m2,6套在售二手房
江桥二村,39057元/m2,43套在售二手房
好世凤翔苑,49213元/m2,2套在售二手房
紫荆新苑,85918元/m2,11套在售二手房
财大小区,60422元/m2,15套在售二手房
申亚新华府,73052元/m2,1套在售二手房
凯旋花苑,90831元/m2,3套在售二手房
民康苑,57701元/m2,4套在售二手房
水语人家北苑,36134元/m2,19套在售二手房
由由新邸,60870元/m2,4套在售二手房
绿洲紫荆花园,73532元/m2,6套在售二手房
金汇丽舍,73418元/m2,3套在售二手房
海派青城,33105元/m2,35套在售二手房
绿城玉兰花园(二期),85867元/m2,24套在售二手房
浦江世博家园二街坊,45090元/m2,9套在售二手房
鸿宝一村(南区),27646元/m2,24套在售二手房
环龙新纪园,72410元/m2,8套在售二手房
露香园,127398元/m2,3套在售二手房
新华豪庭,82671元/m2,3套在售二手房
黎明花园,45631元/m2,20套在售二手房
新凯一期,35682元/m2,94套在售二手房
瑞金南苑,93793元/m2,4套在售二手房
繁荣华庭,49383元/m2,5套在售二手房
悦公馆,88904元/m2,5套在售二手房
经纬观澜弘郡家园(三期),53645元/m2,20套在售二手房
荣丰花园,66307元/m2,14套在售二手房
丽水华庭,41661元/m2,19套在售二手房
东方花园(一期),54382元/m2,17套在售二手房
众众德尚世嘉,54014元/m2,23套在售二手房
莘南花苑一村,52642元/m2,15套在售二手房
鹤北新村,41584元/m2,41套在售二手房
江南名邸,61818元/m2,13套在售二手房
东升家园(三期),27977元/m2,15套在售二手房
中环名品公馆,77108元/m2,23套在售二手房
平阳新村四街坊,53958元/m2,40套在售二手房
皇朝别墅,76837元/m2,10套在售二手房
罗南二村,31025元/m2,36套在售二手房
七韵美地苑,60149元/m2,6套在售二手房
万源城E1,72115元/m2,8套在售二手房
新桥首府,30527元/m2,12套在售二手房
华润中央公园(浩翔路99弄)(公寓),50696元/m2,7套在售二手房
广洋苑,78254元/m2,9套在售二手房
浦江世博家园四街坊,48277元/m2,4套在售二手房
百花公寓,81941元/m2,6套在售二手房
川杨新苑(四期),45401元/m2,9套在售二手房
华富小区,72061元/m2,6套在售二手房
经典茂名公寓,126850元/m2,1套在售二手房
锦绣江南(二期),68325元/m2,10套在售二手房
晨星小区,22135元/m2,9套在售二手房
马当小区,105273元/m2,11套在售二手房
瑞虹新城怡庭,110699元/m2,7套在售二手房
宜川三村,48536元/m2,38套在售二手房
君莲宏润丽苑,42337元/m2,13套在售二手房
三湘世纪花城,67082元/m2,6套在售二手房
中轩丽苑,72380元/m2,7套在售二手房
新梅公寓,51279元/m2,17套在售二手房
圣美邸,88444元/m2,5套在售二手房
华泽新苑,30316元/m2,22套在售二手房
中环一号(五期),55905元/m2,10套在售二手房
大华锦绣华城(九街区),83137元/m2,9套在售二手房
曼克顿豪庭,109496元/m2,8套在售二手房
海桐苑,83075元/m2,7套在售二手房
张杨花苑,69664元/m2,7套在售二手房
梅园二街坊,113535元/m2,12套在售二手房
高荣小区,83257元/m2,24套在售二手房
公安大楼(徐汇),110072元/m2,11套在售二手房
地方天园,74844元/m2,6套在售二手房
东方庭院(别墅),28016元/m2,40套在售二手房
布鲁斯小镇(别墅),32660元/m2,25套在售二手房
同济绿园,83106元/m2,5套在售二手房
浦江华侨城6期,63737元/m2,6套在售二手房
招商虹桥华府,54503元/m2,23套在售二手房
静安新格公寓,119409元/m2,3套在售二手房
市光四村,52630元/m2,53套在售二手房
马赛花园,59634元/m2,6套在售二手房
漕河景苑,108616元/m2,3套在售二手房
金沙雅苑(二期),72898元/m2,6套在售二手房
上海师大新村,74608元/m2,16套在售二手房
高行银杏苑,50124元/m2,12套在售二手房
上海捷克住宅小区(公寓),39361元/m2,27套在售二手房
京浦小区,54777元/m2,11套在售二手房
莱茵半岛,65300元/m2,16套在售二手房
建华公寓,74181元/m2,12套在售二手房
莱茵半岛,65300元/m2,16套在售二手房
茅台花苑,60100元/m2,7套在售二手房
芝巷小区,64797元/m2,10套在售二手房
嘉实上城名都(公寓),32714元/m2,14套在售二手房
汇丽苑,40893元/m2,30套在售二手房
天龙苑,63881元/m2,6套在售二手房
新华公寓,80863元/m2,5套在售二手房
阳城美景,60758元/m2,5套在售二手房
平南一二村,61024元/m2,20套在售二手房
金桥酒店公寓,70115元/m2,33套在售二手房
海上名门公寓,85352元/m2,3套在售二手房
浦江公馆,118858元/m2,6套在售二手房
金东名苑,65413元/m2,5套在售二手房
蓝朝部落,95635元/m2,14套在售二手房
黄浦滩名苑,140047元/m2,2套在售二手房
都市庭院,59939元/m2,5套在售二手房
丰翔新城,36239元/m2,9套在售二手房
富力桃园(公寓),34549元/m2,33套在售二手房
银亿徐汇酩悦,85330元/m2,0套在售二手房
河谷3号,55101元/m2,17套在售二手房
海东公寓,55235元/m2,17套在售二手房
阳光前景,89498元/m2,4套在售二手房
逸居苑,51940元/m2,3套在售二手房
齐七小区,61417元/m2,10套在售二手房
金沙嘉苑,50152元/m2,4套在售二手房
中星海兰苑,39800元/m2,12套在售二手房
东苑利景花苑,61566元/m2,6套在售二手房
碧云新天地(二期),76629元/m2,7套在售二手房
中星馨恒苑,64059元/m2,8套在售二手房
万科翡翠滨江(一期),127378元/m2,8套在售二手房
车站新村(普陀),53279元/m2,30套在售二手房
瑞苑公寓,83470元/m2,10套在售二手房
欧洲花园,75541元/m2,4套在售二手房
市政大楼,92161元/m2,6套在售二手房
滨江晶典,88957元/m2,1套在售二手房
菱翔苑,44391元/m2,12套在售二手房
金杨新村四街坊,64788元/m2,21套在售二手房
久事西郊花园,65023元/m2,15套在售二手房
中环一号(三期),53378元/m2,14套在售二手房
东兰雅苑,61602元/m2,6套在售二手房
泰莱大厦,84001元/m2,6套在售二手房
北蒙三小区,87743元/m2,22套在售二手房
文怡花园,27381元/m2,14套在售二手房
嘉城新航域,41880元/m2,28套在售二手房
金融家,50931元/m2,5套在售二手房
上缝小区,67016元/m2,27套在售二手房
龙湖紫都城,39540元/m2,8套在售二手房
水霞小区,79389元/m2,32套在售二手房
新南路壹号(别墅),40352元/m2,14套在售二手房
天池一村,58190元/m2,30套在售二手房
鹏润伊顿公馆,34534元/m2,18套在售二手房
东湾小区,44454元/m2,22套在售二手房
丽泽兰馨苑,19294元/m2,15套在售二手房
惠康苑,26795元/m2,58套在售二手房
中凯城市之光(徐汇),114366元/m2,9套在售二手房
品华苑,47654元/m2,4套在售二手房
铁路新村(杨浦),63317元/m2,27套在售二手房
清水颐园,31955元/m2,23套在售二手房
昱丽家园,39968元/m2,1套在售二手房
国和一村,54638元/m2,27套在售二手房
华祺苑,81607元/m2,6套在售二手房
龙柏花苑(公寓),63407元/m2,6套在售二手房
三林世博家园(板泉路2000弄),53708元/m2,11套在售二手房
都市星城,65223元/m2,15套在售二手房
东方金门花园,83062元/m2,3套在售二手房
绿地翡翠公馆,19056元/m2,0套在售二手房
长桥五村,80570元/m2,14套在售二手房
万科金色城品,84362元/m2,2套在售二手房
清馨苑,41020元/m2,10套在售二手房
丽景新苑,43445元/m2,6套在售二手房
嘉誉湾,88505元/m2,7套在售二手房
名仕世家花苑,46453元/m2,8套在售二手房
瑞南新苑,85869元/m2,5套在售二手房
漕溪四村,73314元/m2,25套在售二手房
保利星海屿,38003元/m2,12套在售二手房
霍兰公寓,57792元/m2,1套在售二手房
泰德苑,114821元/m2,2套在售二手房
园南二村,71579元/m2,16套在售二手房
乔顿花园,75348元/m2,3套在售二手房
莲花公寓(闵行),54766元/m2,22套在售二手房
峨海小区,78138元/m2,6套在售二手房
天平小区,107188元/m2,15套在售二手房
朱家门小区,47940元/m2,34套在售二手房
龙潭小区,56257元/m2,29套在售二手房
银联花园,82354元/m2,10套在售二手房
碧云新天地(三期),85789元/m2,7套在售二手房
大同花园北区,94737元/m2,5套在售二手房
奥塞花园,64179元/m2,11套在售二手房
茂名公寓,104466元/m2,8套在售二手房
名盛苑,89563元/m2,2套在售二手房
地杰国际城F欧香四季,66751元/m2,6套在售二手房
高境二村,48271元/m2,23套在售二手房
长峰馨园,104960元/m2,4套在售二手房
安阁苑,37972元/m2,18套在售二手房
上海星河湾,70259元/m2,37套在售二手房
朗庭上郡苑(公寓),43515元/m2,26套在售二手房
北平家园,68017元/m2,5套在售二手房
仕嘉名苑,85048元/m2,2套在售二手房
金沁苑,34510元/m2,7套在售二手房
新城碧翠,63632元/m2,9套在售二手房
都汇华庭,28051元/m2,27套在售二手房
凌兆新村(上浦路201弄),47825元/m2,7套在售二手房
佳宁花园,67979元/m2,8套在售二手房
怡佳苑,56166元/m2,24套在售二手房
逸仙华庭,63080元/m2,9套在售二手房
培花七村,58102元/m2,33套在售二手房
万科梦想派,43783元/m2,26套在售二手房
河畔明珠,90185元/m2,4套在售二手房
燕宁苑,91832元/m2,3套在售二手房
万科公园大道,49963元/m2,20套在售二手房
慧华东苑,43266元/m2,6套在售二手房
瑞虹新城(三期),91357元/m2,4套在售二手房
徐汇公寓,67772元/m2,3套在售二手房
延长小区(闸北),82418元/m2,7套在售二手房
安居锦竹苑,43154元/m2,16套在售二手房
上南五村,60590元/m2,32套在售二手房
仙霞大郡,57855元/m2,20套在售二手房
文化花园清华苑,66444元/m2,3套在售二手房
金鹤新城城杰苑,43359元/m2,20套在售二手房
合生城邦四街坊,42137元/m2,33套在售二手房
丰景湾名邸,67294元/m2,5套在售二手房
沁春园一村,49805元/m2,23套在售二手房
名门世家(浦东),62407元/m2,3套在售二手房
建德国际公寓,81260元/m2,3套在售二手房
鹏丰苑,57842元/m2,11套在售二手房
鹤沙航城航武嘉园,31527元/m2,6套在售二手房
飘鹰花苑,69042元/m2,6套在售二手房
绿地海珀璞晖,95989元/m2,3套在售二手房
泰辰复兴苑,45779元/m2,6套在售二手房
潍坊六村,103868元/m2,16套在售二手房
南洋瑞都剑桥府邸(公寓),41642元/m2,17套在售二手房
西南名苑,36019元/m2,39套在售二手房
中惠广场,34102元/m2,16套在售二手房
海上国际花园(二期),48190元/m2,5套在售二手房
樱源晶舍,67942元/m2,1套在售二手房
盛源公寓,58949元/m2,11套在售二手房
水韵华庭,56063元/m2,5套在售二手房
中信君廷,121904元/m2,5套在售二手房
金汇豪庭,63557元/m2,8套在售二手房
爱博一村,51457元/m2,4套在售二手房
桂平小区,64580元/m2,13套在售二手房
高弘家苑,60201元/m2,5套在售二手房
绿海家园,37179元/m2,24套在售二手房
世纪苑,60237元/m2,8套在售二手房
水都南岸(二期),18321元/m2,11套在售二手房
中环和润苑,67331元/m2,12套在售二手房
金钻苑,41875元/m2,26套在售二手房
紫腾苑小区,40964元/m2,33套在售二手房
大同花园北区,94737元/m2,5套在售二手房
碧云新天地(三期),85789元/m2,7套在售二手房
香山新村西北街坊,56064元/m2,17套在售二手房
三泉家园,51882元/m2,5套在售二手房
飞碟苑,35284元/m2,20套在售二手房
柳博小区(博二小区),56804元/m2,12套在售二手房
东晖花苑,81378元/m2,10套在售二手房
江海新村,20716元/m2,31套在售二手房
锦灏佳园,73336元/m2,9套在售二手房
青之杰花园,87663元/m2,3套在售二手房
东方明珠大宁公寓,77502元/m2,11套在售二手房
丰庄十四街坊,44153元/m2,34套在售二手房
虹口现代公寓,74196元/m2,10套在售二手房
晓园,97026元/m2,10套在售二手房
美丽华花园(公寓),63002元/m2,5套在售二手房
海阳新村,53670元/m2,13套在售二手房
绿地启航城,25249元/m2,64套在售二手房
东方明珠国际公寓,70317元/m2,1套在售二手房
汇京佳丽园,88348元/m2,1套在售二手房
秀苑小区,57016元/m2,11套在售二手房
光华绿苑,45842元/m2,10套在售二手房
绿洲雅宾利花园(二期),92190元/m2,5套在售二手房
东晶国际公寓,79649元/m2,4套在售二手房
靖宇家园,73265元/m2,5套在售二手房
锦苑小区(虹口),55254元/m2,36套在售二手房
雪野二村,61471元/m2,15套在售二手房
西郊英园,56519元/m2,6套在售二手房
海韵馨苑,16889元/m2,5套在售二手房
梅陇四村,53363元/m2,30套在售二手房
小富人家,48902元/m2,10套在售二手房
仕嘉名苑,85048元/m2,2套在售二手房
康乐小区(徐汇),68479元/m2,24套在售二手房
君莲新城中城苑,45012元/m2,5套在售二手房
新凯城钟秀苑,34388元/m2,22套在售二手房
金中苑,99760元/m2,7套在售二手房
巨峰家苑(公寓),59079元/m2,4套在售二手房
臻园(公寓)(徐汇),62515元/m2,4套在售二手房
同济蓬莱家园,94214元/m2,6套在售二手房
恒陇丽晶公寓,86094元/m2,1套在售二手房
浦江映象,85035元/m2,3套在售二手房
鞍山三村,70737元/m2,25套在售二手房
香山新村西南街坊,56839元/m2,16套在售二手房
宝景苑,51059元/m2,16套在售二手房
东泉小区,58330元/m2,23套在售二手房
阳光威尼斯(二期),48289元/m2,16套在售二手房
保利叶上海(三期),50386元/m2,11套在售二手房
银星名庭,68389元/m2,3套在售二手房
江秋新苑(公寓),25890元/m2,65套在售二手房
美兰湖颐景园,33657元/m2,26套在售二手房
万荣小区,54865元/m2,31套在售二手房
正旺苑,56803元/m2,23套在售二手房
上南一村,61159元/m2,12套在售二手房
盛族家园-悉尼阳光·悉尼星光,79742元/m2,3套在售二手房
文汇小区(浦东),47304元/m2,34套在售二手房
东方时空公寓,111096元/m2,2套在售二手房
华梅花苑,57720元/m2,14套在售二手房
中建锦绣天地,65620元/m2,11套在售二手房
临沂七村,55874元/m2,21套在售二手房
岚皋馨苑,59647元/m2,6套在售二手房
纯翠苑,57360元/m2,2套在售二手房
金浦小区(塘桥),67772元/m2,9套在售二手房
阳光名邸,93526元/m2,5套在售二手房
灵广花园,70267元/m2,5套在售二手房
春申景城湖畔林语,71906元/m2,17套在售二手房
恒盛湖畔豪庭,36766元/m2,21套在售二手房
万科白马花园(别墅),47950元/m2,12套在售二手房
中环国际公寓(二期),56787元/m2,13套在售二手房
佳虹小区,48389元/m2,12套在售二手房
南方新村,55893元/m2,28套在售二手房
中海寰宇天下,66759元/m2,7套在售二手房
万里一期,55910元/m2,19套在售二手房
爵仕悦,78371元/m2,7套在售二手房
明辉苑,87874元/m2,1套在售二手房
申立苑,82623元/m2,3套在售二手房
旭辉新构想,86485元/m2,3套在售二手房
松云水苑(公寓),31130元/m2,32套在售二手房
达安河畔雅苑,89471元/m2,5套在售二手房
兴业嘉园,68234元/m2,2套在售二手房
长风二村风荷园,61876元/m2,12套在售二手房
南杨花园,57738元/m2,17套在售二手房
东兰世茗雅苑,63121元/m2,9套在售二手房
思浦小区,52330元/m2,16套在售二手房
幸福第一公寓,48246元/m2,16套在售二手房
开元地中海,33800元/m2,36套在售二手房
海洲国际华园,91024元/m2,1套在售二手房
德玛公寓,97490元/m2,1套在售二手房
东方雅苑,98526元/m2,4套在售二手房
宝仪花苑,66200元/m2,6套在售二手房
茅台新苑,63440元/m2,16套在售二手房
书香逸居,88723元/m2,8套在售二手房
金榜新苑,36039元/m2,14套在售二手房
旭辉玫瑰湾,35034元/m2,35套在售二手房
济阳三村,55493元/m2,14套在售二手房
田林新苑,66862元/m2,15套在售二手房
中星云庭,63877元/m2,4套在售二手房
中星长岛苑,65535元/m2,3套在售二手房
长春新苑,71234元/m2,11套在售二手房
大上海国际花园十六区,64891元/m2,3套在售二手房
东方名园,88378元/m2,7套在售二手房
东方帕堤欧,46708元/m2,11套在售二手房
梅陇十一村,54840元/m2,28套在售二手房
紫翠苑,46807元/m2,26套在售二手房
中祥哥德堡,58162元/m2,9套在售二手房
金桥花苑,66828元/m2,4套在售二手房
潍坊八村,79107元/m2,27套在售二手房
利星国际广场,84712元/m2,8套在售二手房
潍坊七村,93928元/m2,14套在售二手房
兰沁苑,52345元/m2,4套在售二手房
步高苑,95411元/m2,6套在售二手房
中新家园,92010元/m2,4套在售二手房
铭晖西郊苑,68142元/m2,6套在售二手房
中城绿苑,64844元/m2,10套在售二手房
明华苑,102317元/m2,1套在售二手房
乐康苑,22423元/m2,13套在售二手房
怡水豪庭,55723元/m2,4套在售二手房
祥和公寓(松江),36518元/m2,15套在售二手房
岭南苑(凌兆路127弄),55580元/m2,6套在售二手房
曲阳名邸,75740元/m2,3套在售二手房
绿缘公寓,76952元/m2,9套在售二手房
源城锦苑,75424元/m2,3套在售二手房
吉浦路615弄,46457元/m2,20套在售二手房
虹桥路400弄,82207元/m2,10套在售二手房
东方雅苑,98526元/m2,4套在售二手房
长白三村,54328元/m2,25套在售二手房
锦汇苑,95918元/m2,3套在售二手房
淞虹苑,65288元/m2,18套在售二手房
新弘国际公寓,79294元/m2,9套在售二手房
虹梅新苑,38406元/m2,26套在售二手房
馨良苑,53630元/m2,10套在售二手房
正峰苑,43816元/m2,12套在售二手房
碧林湾(公寓),63848元/m2,7套在售二手房
申城佳苑,45311元/m2,0套在售二手房
白金府邸,94642元/m2,1套在售二手房
芳雅苑,54917元/m2,24套在售二手房
复兴珑御,122912元/m2,5套在售二手房
中通大厦,43045元/m2,8套在售二手房
金台三居,51905元/m2,37套在售二手房
民庆家园,69621元/m2,9套在售二手房
紫竹华庭,71598元/m2,4套在售二手房
鹏健苑,60378元/m2,3套在售二手房
金恒小区,63327元/m2,9套在售二手房
梧桐城邦大公馆,60354元/m2,8套在售二手房
文化花园明珠苑,63173元/m2,1套在售二手房
同济欣苑,65939元/m2,4套在售二手房
罗阳四村,45587元/m2,27套在售二手房
蓼花汀花园(公寓),71343元/m2,4套在售二手房
鞍山四村第一小区,72936元/m2,23套在售二手房
金杨新村十街坊,55656元/m2,41套在售二手房
兴银花园,40719元/m2,25套在售二手房
由由七村,58275元/m2,22套在售二手房
东方城市公寓,79019元/m2,3套在售二手房
汇秀景苑一街坊,32000元/m2,19套在售二手房
东方御水湾,63606元/m2,5套在售二手房
中凯城市之光(新江湾),95794元/m2,1套在售二手房
吴东小区,72131元/m2,20套在售二手房
浦江世博家园五街坊,47936元/m2,4套在售二手房
合生城邦一街坊,50426元/m2,15套在售二手房
西木小区,74505元/m2,23套在售二手房
民乐佳苑,29352元/m2,53套在售二手房
紫东新苑,32566元/m2,43套在售二手房
剑桥馨苑,52540元/m2,11套在售二手房
樱花坊,83624元/m2,9套在售二手房
龙柏三村,57192元/m2,24套在售二手房
威宁小区,66464元/m2,21套在售二手房
新世纪花苑(一期)(浦东),61559元/m2,9套在售二手房
新中苑,77703元/m2,11套在售二手房
远东君悦庭,58756元/m2,6套在售二手房
和玉苑,67738元/m2,4套在售二手房
上南兰庭苑,54745元/m2,4套在售二手房
御桥馨华苑,59738元/m2,6套在售二手房
瑞金新苑,84177元/m2,5套在售二手房
万兆家园(一期),54466元/m2,21套在售二手房
九龙仓兰宫,44685元/m2,12套在售二手房
上海家园,53976元/m2,8套在售二手房
新华御庭,82969元/m2,5套在售二手房
富力虹桥十号,85650元/m2,12套在售二手房
浦江世博家园七街坊,46349元/m2,7套在售二手房
白玉兰馨园,55581元/m2,22套在售二手房
金上海家园,87965元/m2,1套在售二手房
福山小区,82226元/m2,6套在售二手房
光明城市,107599元/m2,2套在售二手房
旭辉依云湾,43671元/m2,10套在售二手房
虹口花苑,65382元/m2,7套在售二手房
天钥新村,70746元/m2,19套在售二手房
安居花苑,59709元/m2,8套在售二手房
又一村(静安),106522元/m2,33套在售二手房
河滨围城,77807元/m2,6套在售二手房
欣嘉苑,72502元/m2,7套在售二手房
由由六村,57009元/m2,19套在售二手房
申良花园,36176元/m2,14套在售二手房
金榜世家,42225元/m2,21套在售二手房
新世纪花苑(一期)(浦东),61559元/m2,9套在售二手房
白玉兰馨园,55581元/m2,22套在售二手房
汤臣高尔夫(别墅),105630元/m2,42套在售二手房
紫兰苑,64538元/m2,6套在售二手房
新泾七村,59802元/m2,40套在售二手房
东二小区,48365元/m2,34套在售二手房
东唐苑,42454元/m2,10套在售二手房
中汇花园(徐汇),128104元/m2,2套在售二手房
一品漫城(二期),55505元/m2,8套在售二手房
瑞金花园,75784元/m2,5套在售二手房
万科魅力之城,58744元/m2,9套在售二手房
高景花园,43565元/m2,35套在售二手房
连城苑,70646元/m2,11套在售二手房
伟莱家园,48509元/m2,3套在售二手房
香山丽舍(公寓),135342元/m2,0套在售二手房
云和花园,111072元/m2,4套在售二手房
金鹏苑,62233元/m2,20套在售二手房
安高东方御府,39151元/m2,3套在售二手房
新凯城锦昌苑,33501元/m2,22套在售二手房
中环明珠,81368元/m2,11套在售二手房
中星海上名豪苑(四期),45691元/m2,8套在售二手房
中环明珠,81368元/m2,11套在售二手房
沿海丽水馨庭(公寓),35833元/m2,21套在售二手房
塘东小区,67383元/m2,8套在售二手房
绿地春申花园,61773元/m2,9套在售二手房
恒大华城梅山苑,61183元/m2,12套在售二手房
航华四村,45957元/m2,22套在售二手房
荡湾新村,29096元/m2,52套在售二手房
金地格林世界(春晓),48393元/m2,3套在售二手房
泗泾颐景园,37649元/m2,17套在售二手房
书香公寓,89702元/m2,2套在售二手房
曹杨花苑,53325元/m2,11套在售二手房
鞍山六村,66782元/m2,29套在售二手房
瑞冬小区,58755元/m2,27套在售二手房
兰花教师公寓,71462元/m2,9套在售二手房
浩城华苑,91236元/m2,5套在售二手房
邻里苑,60535元/m2,8套在售二手房
瑞和华苑北区,32347元/m2,23套在售二手房
呼玛三村,45876元/m2,21套在售二手房
华龙新苑小区,69053元/m2,5套在售二手房
龙博公寓,61807元/m2,7套在售二手房
新城海上名园,90327元/m2,3套在售二手房
华利公寓,57978元/m2,9套在售二手房
家化滨江苑,88410元/m2,4套在售二手房
合生御廷园(公寓),40192元/m2,22套在售二手房
鑫都城云天绿洲,44255元/m2,11套在售二手房
柳博小区(柳一小区),57450元/m2,11套在售二手房
静安新城十二区,54564元/m2,8套在售二手房
淮海鑫城苑,84615元/m2,2套在售二手房
凯旋华庭,72537元/m2,7套在售二手房
联洋新苑,82626元/m2,4套在售二手房
丽泽菊清苑,19714元/m2,13套在售二手房
市光三村,50442元/m2,52套在售二手房
金藤苑,51967元/m2,20套在售二手房
绿地璀璨天城,41479元/m2,25套在售二手房
久阳文华府邸(公寓),37899元/m2,37套在售二手房
虹鹿花苑,55918元/m2,25套在售二手房
新青浦佳园,29864元/m2,11套在售二手房
水都南岸(一期),18661元/m2,6套在售二手房
晶欣坊,61401元/m2,6套在售二手房
东方莱茵,81364元/m2,3套在售二手房
九歌茗园,67027元/m2,4套在售二手房
广海花园,56332元/m2,14套在售二手房
嘉瑞花苑,93863元/m2,4套在售二手房
欣乐苑,34322元/m2,24套在售二手房
北巷小区,67528元/m2,2套在售二手房
金葵新城(西区),52572元/m2,8套在售二手房
上海星港,71102元/m2,4套在售二手房
新申花城茉莉苑,60717元/m2,8套在售二手房
由由四村,55402元/m2,21套在售二手房
鸿旭豪苑,87544元/m2,4套在售二手房
海上华庭,83766元/m2,6套在售二手房
永和丽园,57106元/m2,3套在售二手房
法华苑,82845元/m2,3套在售二手房
龙兆苑,88261元/m2,3套在售二手房
天池二村,58517元/m2,17套在售二手房
水木年华花园,72039元/m2,4套在售二手房
万佳苑,61009元/m2,5套在售二手房
明申花园(公寓),66379元/m2,10套在售二手房
普善新苑,61275元/m2,7套在售二手房
上南雅筑,49503元/m2,2套在售二手房
莘松三村,69158元/m2,10套在售二手房
聚龙家园,58190元/m2,18套在售二手房
中铁逸都,34546元/m2,11套在售二手房
静安凤凰苑,113170元/m2,3套在售二手房
东苑绿世界花园(一期),58237元/m2,4套在售二手房
日晖新城,85947元/m2,2套在售二手房
金色碧云,98337元/m2,8套在售二手房
久耕小区,72130元/m2,28套在售二手房
始信北苑,83763元/m2,10套在售二手房
北华苑,50596元/m2,9套在售二手房
丽泽梅傲苑,18590元/m2,6套在售二手房
罗山三村,55065元/m2,39套在售二手房
新浦江城(浦申路1288弄),51228元/m2,9套在售二手房
八方小区,74738元/m2,8套在售二手房
颐峰苑,110004元/m2,0套在售二手房
锦麟天地雅苑,139332元/m2,3套在售二手房
虹桥丽景苑,76911元/m2,2套在售二手房
绿城玫瑰园,75058元/m2,24套在售二手房
弘扬雅苑,84534元/m2,7套在售二手房
洋泾花园城,69538元/m2,8套在售二手房
贝越水岸名邸,50452元/m2,7套在售二手房
新梅广场,53041元/m2,9套在售二手房
丰舍东苑,47185元/m2,26套在售二手房
控江二村,63286元/m2,15套在售二手房
梅陇二村,50350元/m2,40套在售二手房
仁恒广场,75068元/m2,11套在售二手房
天居玲珑湾(公寓),28452元/m2,51套在售二手房
祜欣公寓,62310元/m2,5套在售二手房
云台一小区,60554元/m2,11套在售二手房
东陆新村七街坊,49434元/m2,12套在售二手房
普善新苑,61275元/m2,7套在售二手房
建德花园海棠苑,55260元/m2,11套在售二手房
绿城玉兰花园(一期),66812元/m2,20套在售二手房
华丽家族汇景天地(商业类),56291元/m2,16套在售二手房
馨佳园(韶山路245弄),41491元/m2,6套在售二手房
凌云新村,54775元/m2,22套在售二手房
海桐小区,89255元/m2,2套在售二手房
龙湖蓝湖郡(别墅),29914元/m2,8套在售二手房
海珀日晖,103372元/m2,5套在售二手房
东泰花苑,92587元/m2,4套在售二手房
梅园新村(浦东),93634元/m2,18套在售二手房
东一小区,47695元/m2,28套在售二手房
谨斜小区,80243元/m2,23套在售二手房
静安新城十二区,54564元/m2,8套在售二手房
君誉江畔,58095元/m2,14套在售二手房
大上海紫金城,76104元/m2,1套在售二手房
金沙江小区,63441元/m2,4套在售二手房
悠诗阁,36004元/m2,2套在售二手房
金丰蓝庭,40108元/m2,18套在售二手房
园南一村,76354元/m2,10套在售二手房
金碧汇虹苑,23992元/m2,18套在售二手房
临汾花园,,50873元/m2,14套在售二手房
新德佳苑,42890元/m2,17套在售二手房
紫晶南园,38560元/m2,19套在售二手房
佳安公寓,69128元/m2,7套在售二手房
金和佳园,56493元/m2,6套在售二手房
新梅莘苑,65291元/m2,5套在售二手房
晶耀名邸,暂无,0套在售二手房
南星小区,65817元/m2,18套在售二手房
崮山小区二街坊,88945元/m2,15套在售二手房
绿地海域笙晖(公寓),43925元/m2,17套在售二手房
明纶园,43583元/m2,6套在售二手房
虹桥晶邸,35817元/m2,10套在售二手房
市政馨苑,62899元/m2,9套在售二手房
汤臣豪园(二期),69112元/m2,3套在售二手房
爱法花园(二期),55074元/m2,10套在售二手房
英伦风尚(公寓),45259元/m2,17套在售二手房
大二小区,57567元/m2,21套在售二手房
金色家园,94686元/m2,6套在售二手房
黎安一村,43897元/m2,14套在售二手房
梓树园,70278元/m2,9套在售二手房
龙南三四村,57167元/m2,35套在售二手房
东欣小区,94365元/m2,6套在售二手房
和源名邸,75040元/m2,0套在售二手房
唐人苑,45180元/m2,9套在售二手房
兴国苑,100450元/m2,3套在售二手房
汤臣豪园一期,66603元/m2,4套在售二手房
嘉茵苑,62606元/m2,10套在售二手房
名江七星城,75274元/m2,5套在售二手房
长兴坊,67654元/m2,16套在售二手房
绿地泾南公寓,81040元/m2,2套在售二手房
滨江兰庭,90863元/m2,6套在售二手房
德州一村,56706元/m2,8套在售二手房
海棠苑,52758元/m2,14套在售二手房
曹家巷小区,80460元/m2,15套在售二手房
乾耀东港,23582元/m2,43套在售二手房
和憬家园,50457元/m2,7套在售二手房
和合新村,52489元/m2,7套在售二手房
明丰阳光苑,69561元/m2,3套在售二手房
湖畔佳苑(别墅),66692元/m2,15套在售二手房
张杨南苑,86506元/m2,6套在售二手房
宁怡苑,34925元/m2,1套在售二手房
欧洲凯城园,75601元/m2,4套在售二手房
徐汇新干线,59100元/m2,5套在售二手房
泉东(二)小区,116040元/m2,5套在售二手房
紫薇园,64285元/m2,13套在售二手房
证大宽域,94745元/m2,6套在售二手房
西部俊园,75889元/m2,9套在售二手房
花苑村丁香园,59308元/m2,24套在售二手房
双东小区,85964元/m2,7套在售二手房
金日世家,90489元/m2,10套在售二手房
新虹桥首府(公寓),45973元/m2,32套在售二手房
舒馨北苑,44599元/m2,4套在售二手房
东力新村,45079元/m2,21套在售二手房
今达花园,63758元/m2,6套在售二手房
正文花园(二期),62510元/m2,1套在售二手房
巨龙台湾城,27469元/m2,19套在售二手房
金旋小区,65840元/m2,13套在售二手房
鎏园,54926元/m2,5套在售二手房
金柏苑,82101元/m2,2套在售二手房
芝大厦,103852元/m2,7套在售二手房
爱德佳苑(一期),38664元/m2,9套在售二手房
东方康安家园,43723元/m2,0套在售二手房
牡丹新苑,67147元/m2,1套在售二手房
三湘世纪花城三期,67904元/m2,2套在售二手房
静安兴海城,104040元/m2,4套在售二手房
银桥花苑,60519元/m2,11套在售二手房
东方名城,69325元/m2,7套在售二手房
新丰小区,81746元/m2,19套在售二手房
经纬学府涵青花园(二期),47229元/m2,16套在售二手房
凯旋豪庭,105907元/m2,2套在售二手房
上泰雅苑,58416元/m2,9套在售二手房
海防村,132036元/m2,5套在售二手房
品珍苑,51016元/m2,7套在售二手房
虹梅花苑,62299元/m2,17套在售二手房
济阳二村,56635元/m2,10套在售二手房
东荷小区,48911元/m2,19套在售二手房
逸仙二村,46292元/m2,11套在售二手房
新城尚景,50099元/m2,15套在售二手房
佳乐苑,29175元/m2,30套在售二手房
三湘盛世花园,56264元/m2,1套在售二手房
狮城花苑,63501元/m2,10套在售二手房
华山丽苑,108289元/m2,2套在售二手房
风荷丽景尚城,36878元/m2,4套在售二手房
象屿大宁悦府,84806元/m2,8套在售二手房
圣骊名苑,86102元/m2,0套在售二手房
莘南花苑二村,52274元/m2,4套在售二手房
金玉苑,68851元/m2,5套在售二手房
万科翡翠雅宾利,99372元/m2,3套在售二手房
海韵茗庭,56048元/m2,7套在售二手房
上南六村,57689元/m2,15套在售二手房
龙柏二村,52798元/m2,33套在售二手房
中环国际公寓(一期),59426元/m2,10套在售二手房
绿川馨康苑,57968元/m2,18套在售二手房
虹北公寓,53617元/m2,11套在售二手房
小上海新城,45192元/m2,14套在售二手房
浦江风景苑,74578元/m2,3套在售二手房
成亿宝盛家苑,38205元/m2,21套在售二手房
东方都市景苑,82211元/m2,4套在售二手房
豪景苑,119959元/m2,6套在售二手房
云台一小区,60554元/m2,11套在售二手房
东陆新村七街坊,49434元/m2,12套在售二手房
安东小区,68961元/m2,28套在售二手房
摩登堂,56438元/m2,7套在售二手房
东川花苑,45281元/m2,15套在售二手房
凯翔小区,76065元/m2,11套在售二手房
新明星花园,52099元/m2,14套在售二手房
长风四村,61179元/m2,10套在售二手房
浦三小区,49373元/m2,17套在售二手房
延长中路451弄,68855元/m2,4套在售二手房
龙昌苑,70528元/m2,7套在售二手房
荣信虹桥世嘉,79659元/m2,1套在售二手房
巴洛克宫廷,117384元/m2,2套在售二手房
玉佛城,66524元/m2,8套在售二手房
汇元坊,70530元/m2,4套在售二手房
海富花园,61218元/m2,4套在售二手房
保利翡丽公馆,52379元/m2,10套在售二手房
民乐城惠益绿苑,28597元/m2,16套在售二手房
金杨新村八街坊,51081元/m2,23套在售二手房
西郊宝成花苑,77891元/m2,13套在售二手房
维罗纳贵都,37081元/m2,36套在售二手房
祥源福邸,41307元/m2,5套在售二手房
樱花园(徐汇),61790元/m2,19套在售二手房
西湖苑,43925元/m2,24套在售二手房
西上海御庭,28712元/m2,4套在售二手房
康泰公寓,80981元/m2,7套在售二手房
祁连一村,42565元/m2,25套在售二手房
大华锦绣华城(二街区),68545元/m2,12套在售二手房
控江东三村,57572元/m2,21套在售二手房
浦江坤庭—璞御,55296元/m2,4套在售二手房
海上名邸,101957元/m2,6套在售二手房
嘉宏紫薇园,69857元/m2,8套在售二手房
盛和玲珑苑,67561元/m2,0套在售二手房
望族新城,66114元/m2,3套在售二手房
外冈新苑,19217元/m2,28套在售二手房
丰水宝邸(西苑),36083元/m2,16套在售二手房
益晖新苑,67194元/m2,2套在售二手房
馨华苑,59581元/m2,12套在售二手房
同盛嘉园,40166元/m2,2套在售二手房
爱法新都,64784元/m2,15套在售二手房
旭辉澜悦湾,28308元/m2,13套在售二手房
金樟花苑,63947元/m2,19套在售二手房
静安新城二区,57870元/m2,9套在售二手房
新金山花园,38808元/m2,6套在售二手房
建工天峰公寓,79609元/m2,17套在售二手房
潍坊二村,74511元/m2,22套在售二手房
中星海上名豪苑(三期),42699元/m2,12套在售二手房
保利星苑,91743元/m2,2套在售二手房
城宁花苑,99045元/m2,4套在售二手房
樟树苑,59253元/m2,7套在售二手房
中心铂庭,40596元/m2,1套在售二手房
和源馨苑,暂无,8套在售二手房
凯旋一村,104579元/m2,8套在售二手房
南郊别墅(公寓),54950元/m2,7套在售二手房
番南小区,95944元/m2,9套在售二手房
邮电二村,80796元/m2,17套在售二手房
惠德公寓,84403元/m2,2套在售二手房
上南十村,56099元/m2,26套在售二手房
平吉二村,51118元/m2,13套在售二手房
海联公寓,67035元/m2,8套在售二手房
怡佳公寓,51910元/m2,1套在售二手房
虹东小区,68055元/m2,18套在售二手房
书院一号公寓,21550元/m2,6套在售二手房
新城名庭,84875元/m2,1套在售二手房
科苑新村,77505元/m2,8套在售二手房
锦苑公寓,73948元/m2,3套在售二手房
兰庭,145007元/m2,2套在售二手房
古美西路316弄,54513元/m2,21套在售二手房
繁荣安居,44292元/m2,14套在售二手房
桃李家园,63762元/m2,8套在售二手房
弘扬沁园,80578元/m2,4套在售二手房
永业小区,47737元/m2,18套在售二手房
绿园一村,54371元/m2,22套在售二手房
金地天御,54584元/m2,21套在售二手房
东方城市绿洲,48260元/m2,10套在售二手房
住友名人花园,75337元/m2,8套在售二手房
江南新苑,80156元/m2,5套在售二手房
永乐苑,63833元/m2,5套在售二手房
涵碧景苑,74775元/m2,3套在售二手房
园艺新村,51260元/m2,10套在售二手房
凤城六村,67617元/m2,9套在售二手房
聚缘中庭,32332元/m2,15套在售二手房
武夷花园,89135元/m2,3套在售二手房
黄浦花园,44756元/m2,10套在售二手房
仙逸小区,63352元/m2,34套在售二手房
汇善嘉苑,35188元/m2,4套在售二手房
招商海德名门,36425元/m2,11套在售二手房
阳光城愉景湾,60626元/m2,12套在售二手房
天然居,113438元/m2,1套在售二手房
兆丰花园,74578元/m2,8套在售二手房
三泾南宅,77973元/m2,11套在售二手房
盐湖新居,41435元/m2,12套在售二手房
嘉秀新苑,49844元/m2,12套在售二手房
芳芯苑,57385元/m2,17套在售二手房
万科金色公馆,110415元/m2,2套在售二手房
裕德大厦,90074元/m2,10套在售二手房
翔川家园,54612元/m2,8套在售二手房
莲泰苑,61706元/m2,4套在售二手房
明丰公寓,30804元/m2,17套在售二手房
中大丽都,66324元/m2,9套在售二手房
金宇名邸,79766元/m2,5套在售二手房
宁康小区,81484元/m2,7套在售二手房
中邦城市园,47162元/m2,2套在售二手房
臻品嘉园(公寓),38323元/m2,7套在售二手房
姚西小区,85840元/m2,24套在售二手房
经纬阳光水岸家园(一期),48613元/m2,24套在售二手房
芳佳苑,61857元/m2,7套在售二手房
盛达家园,48179元/m2,2套在售二手房
万科有山,53007元/m2,1套在售二手房
罗秀三村,50637元/m2,24套在售二手房
平吉一村,51532元/m2,18套在售二手房
新天家园,90248元/m2,6套在售二手房
海杨公寓,69941元/m2,4套在售二手房
蒙特利名都城,85405元/m2,1套在售二手房
万泰花园,54606元/m2,4套在售二手房
华一新城,65543元/m2,6套在售二手房
大唐花园,31686元/m2,5套在售二手房
凌云公寓,49479元/m2,5套在售二手房
园南三村,78357元/m2,11套在售二手房
万宇阳光苑,31497元/m2,20套在售二手房
镇宁路465弄,80418元/m2,27套在售二手房
南华苑,53546元/m2,4套在售二手房
龙柏七村,56854元/m2,29套在售二手房
益民小区,58607元/m2,14套在售二手房
共康四村,47779元/m2,22套在售二手房
工农三村,53570元/m2,37套在售二手房
世纪非凡怡园,37374元/m2,17套在售二手房
依水园,47110元/m2,5套在售二手房
星惠佳苑,73001元/m2,2套在售二手房
双喜家园,70530元/m2,4套在售二手房
新时空国际商务广场,47423元/m2,8套在售二手房
复兴苑,88581元/m2,5套在售二手房
天禧嘉苑,38923元/m2,9套在售二手房
全家福家园,70239元/m2,6套在售二手房
通河四村,45714元/m2,5套在售二手房
峥宸苑,69000元/m2,2套在售二手房
丽华公寓(公寓),46464元/m2,8套在售二手房
泰宸苑,54440元/m2,16套在售二手房
华松小区,52448元/m2,30套在售二手房
虹景花苑,69843元/m2,8套在售二手房
银欣花苑(虹口),61240元/m2,5套在售二手房
晨星东区,23389元/m2,15套在售二手房
龙吴路5599弄,34782元/m2,36套在售二手房
富天苑,64696元/m2,9套在售二手房
西南小区,68067元/m2,28套在售二手房
南茶园,66254元/m2,17套在售二手房
宝地新品居,86244元/m2,2套在售二手房
牡丹路186弄,71549元/m2,10套在售二手房
仁和恬园,66478元/m2,1套在售二手房
天祥华府,80062元/m2,5套在售二手房
天合雅园,81130元/m2,2套在售二手房
桃林公寓,65701元/m2,4套在售二手房
日月光伯爵天地,36601元/m2,17套在售二手房
恒大华城上河苑,65805元/m2,5套在售二手房
云海苑,106787元/m2,6套在售二手房
翔和雅苑,38209元/m2,19套在售二手房
水景书香园,109375元/m2,1套在售二手房
亲和源,27092元/m2,1套在售二手房
万豪公寓,59839元/m2,2套在售二手房
新安公寓,74828元/m2,5套在售二手房
怡桂苑,73773元/m2,3套在售二手房
罗山四村,53579元/m2,27套在售二手房
桃浦六村绿春苑,40610元/m2,25套在售二手房
都市雅筑,42252元/m2,15套在售二手房
万航小区,69684元/m2,6套在售二手房
丁香公寓,109073元/m2,3套在售二手房
久华佳苑,66942元/m2,5套在售二手房
黄山坊,60017元/m2,2套在售二手房
静安恬园,62037元/m2,2套在售二手房
浦江大厦,57315元/m2,5套在售二手房
宝虹水岸景苑,41098元/m2,6套在售二手房
北方佳苑,66490元/m2,5套在售二手房
云间绿大地,128377元/m2,7套在售二手房
君悦花园,56783元/m2,1套在售二手房
静安城,87137元/m2,18套在售二手房
长寿新村(普陀),69728元/m2,7套在售二手房
建德花园紫荆苑,52389元/m2,8套在售二手房
镇宁路465弄,80418元/m2,27套在售二手房
南华苑,53546元/m2,4套在售二手房
龙柏七村,56854元/m2,29套在售二手房
大唐花园,31686元/m2,5套在售二手房
万宇阳光苑,31497元/m2,20套在售二手房
美兰湖中华园,42627元/m2,25套在售二手房
新浦江城(江栀路350弄),55367元/m2,10套在售二手房
丽都华庭,26700元/m2,34套在售二手房
中海万锦城(二期),64346元/m2,15套在售二手房
苏河融景,95000元/m2,0套在售二手房
瀚盛家园,44764元/m2,12套在售二手房
复星新苑,52881元/m2,4套在售二手房
杜鹃园,71391元/m2,12套在售二手房
金硕河畔景园南区,33803元/m2,20套在售二手房
万博家园,42357元/m2,8套在售二手房
国和二村,54511元/m2,32套在售二手房
东靖苑,49530元/m2,12套在售二手房
李园二村,29420元/m2,43套在售二手房
虹桥大仕馆,76306元/m2,5套在售二手房
淮海花园,91803元/m2,3套在售二手房
西郊景平苑,41434元/m2,20套在售二手房
紫苑小区,15841元/m2,9套在售二手房
誉品谷水湾,49984元/m2,13套在售二手房
虹田苑,77682元/m2,7套在售二手房
逸仙路1321弄,46102元/m2,25套在售二手房
新城公馆,48584元/m2,4套在售二手房
仁和恬园,66478元/m2,1套在售二手房
古宋小区,81323元/m2,14套在售二手房
牡丹路186弄,71549元/m2,10套在售二手房
南茶园,66254元/m2,17套在售二手房
宝地新品居,86244元/m2,2套在售二手房
东苑新天地,54774元/m2,7套在售二手房
红梅小区(嘉定),28471元/m2,26套在售二手房
凌高小区,56938元/m2,11套在售二手房
东盛公寓,56200元/m2,6套在售二手房
永和二村,53363元/m2,31套在售二手房
海尚东苑,41882元/m2,20套在售二手房
华师大三村,59302元/m2,3套在售二手房
瑞雪大楼,98147元/m2,9套在售二手房
华师大一村,80230元/m2,1套在售二手房
怡桂苑,73773元/m2,3套在售二手房
新安公寓,74828元/m2,5套在售二手房
浣纱六村,61579元/m2,8套在售二手房
永和家园,63964元/m2,7套在售二手房
今日丽园,80397元/m2,4套在售二手房
联鑫坊,50471元/m2,13套在售二手房
秀枫翠谷,59902元/m2,12套在售二手房
维多利亚(公寓),60621元/m2,9套在售二手房
潼港八村,40469元/m2,31套在售二手房
美邻苑,47577元/m2,13套在售二手房
宜川六村,51845元/m2,40套在售二手房
宜仕怡家,93860元/m2,6套在售二手房
嘉富利大厦,60635元/m2,10套在售二手房
三鑫花苑,95976元/m2,3套在售二手房
济阳一村,53867元/m2,29套在售二手房
由由一村,54329元/m2,27套在售二手房
江湾翰林,102564元/m2,2套在售二手房
中虹汇之苑,89942元/m2,3套在售二手房
香树丽舍,53333元/m2,12套在售二手房
锦南花苑,69057元/m2,3套在售二手房
水岸茗苑,84338元/m2,4套在售二手房
日月华城,40734元/m2,17套在售二手房
潍坊四村,72628元/m2,27套在售二手房
马陆清水湾,31723元/m2,16套在售二手房
水岸茗苑,84338元/m2,4套在售二手房
锦南花苑,69057元/m2,3套在售二手房
海鹏花苑,56683元/m2,3套在售二手房
香树丽舍,53333元/m2,12套在售二手房
日月华城,40734元/m2,17套在售二手房
潍坊四村,72628元/m2,27套在售二手房
樱花路89弄,78618元/m2,3套在售二手房
常德名园,97748元/m2,3套在售二手房
联鑫虹桥苑,75185元/m2,1套在售二手房
瑞丰园,49475元/m2,0套在售二手房
凌港城,32185元/m2,11套在售二手房
绿洲仕格维花园,92818元/m2,2套在售二手房
复城国际(公寓),84806元/m2,6套在售二手房
运旺新村阳光世家,52425元/m2,15套在售二手房
金杨新村十一街坊,54704元/m2,25套在售二手房
永盛苑,72455元/m2,12套在售二手房
保德公寓,48717元/m2,17套在售二手房
恒丰大楼(静安),72987元/m2,8套在售二手房
金都雅苑(公寓),25951元/m2,12套在售二手房
逸仙小区,54619元/m2,17套在售二手房
康平小区,49107元/m2,29套在售二手房
飘鹰东方花园,78015元/m2,5套在售二手房
滨江大楼,68562元/m2,10套在售二手房
珠江新城,31957元/m2,23套在售二手房
同馨苑,41036元/m2,9套在售二手房
水清三村,48781元/m2,20套在售二手房
金顺小区,70416元/m2,1套在售二手房
嘉禄新苑,70584元/m2,2套在售二手房
恒城花苑,64554元/m2,1套在售二手房
悦达花苑,77204元/m2,0套在售二手房
建德花园牡丹苑,55293元/m2,2套在售二手房
保利艾庐,50806元/m2,7套在售二手房
爱博三村,48601元/m2,5套在售二手房
新城香溢澜庭,40077元/m2,4套在售二手房
四季雅苑(公寓),102734元/m2,10套在售二手房
花苑茶花园,67115元/m2,12套在售二手房
东苑佳佳花园,51900元/m2,6套在售二手房
越纪公寓,101121元/m2,7套在售二手房
天台星城,46208元/m2,9套在售二手房
市光一村,53122元/m2,24套在售二手房
九龙仓兰廷,63204元/m2,8套在售二手房
双阳公寓,64314元/m2,7套在售二手房
丹桂佳苑,27435元/m2,19套在售二手房
控江西三村,58060元/m2,11套在售二手房
海尚新纪园,61569元/m2,2套在售二手房
君莲小区,39996元/m2,10套在售二手房
施湾家园,29699元/m2,13套在售二手房
爱都公寓,62938元/m2,2套在售二手房
虹莘新村,47546元/m2,17套在售二手房
罗阳五村,49182元/m2,13套在售二手房
星云苑,67545元/m2,6套在售二手房
盛世豪园(二期),88071元/m2,7套在售二手房
共富四村,40467元/m2,15套在售二手房
长桥四村,51523元/m2,29套在售二手房
上海青年城,37269元/m2,10套在售二手房
鞍山八村,75213元/m2,15套在售二手房
钦州路111弄,71496元/m2,12套在售二手房
上大阳光乾宁园,45878元/m2,7套在售二手房
古北大成公馆,102564元/m2,10套在售二手房
古北大成公馆,102564元/m2,10套在售二手房
银河经典苑,65549元/m2,6套在售二手房
樟盛苑,49907元/m2,3套在售二手房
嘉汇广场,57691元/m2,14套在售二手房
博文园,61311元/m2,4套在售二手房
德怡苑,74023元/m2,21套在售二手房
保辉香景园,81868元/m2,5套在售二手房
申莘一村,39755元/m2,5套在售二手房
世茂湖滨花园(别墅),84256元/m2,7套在售二手房
幸福新苑,49932元/m2,10套在售二手房
中紫小区,72085元/m2,18套在售二手房
阳光翠庭,37217元/m2,23套在售二手房
远香舫新苑,35646元/m2,3套在售二手房
都市宜家苑,45726元/m2,13套在售二手房
汇金广场,84165元/m2,8套在售二手房
欧阳花苑,65966元/m2,4套在售二手房
北美公寓,71248元/m2,4套在售二手房
龙柏井亭公寓,62616元/m2,2套在售二手房
花木鑫丰苑,91932元/m2,4套在售二手房
静安新城十区,53541元/m2,13套在售二手房
水塘小区,58554元/m2,14套在售二手房
中星海上名豪苑(一期),47456元/m2,8套在售二手房
上大阳光乾龙苑,40374元/m2,5套在售二手房
三林世博家园(板泉路2101弄),52870元/m2,11套在售二手房
嘉屯苑,51952元/m2,6套在售二手房
佘山3号,37406元/m2,27套在售二手房
金泽苑,56852元/m2,15套在售二手房
中怡家园,36392元/m2,12套在售二手房
林水美地苑,49179元/m2,12套在售二手房
蓝色城邦(公寓),20537元/m2,30套在售二手房
美丽家园,44249元/m2,15套在售二手房
静安新城十一区,54521元/m2,13套在售二手房
莲文苑,74298元/m2,5套在售二手房
金桥都市花园,67615元/m2,5套在售二手房
丽景苑,48090元/m2,8套在售二手房
仁德坊,90032元/m2,3套在售二手房
兆嘉园,76221元/m2,5套在售二手房
闸园新村,25726元/m2,8套在售二手房
太浜巷小区,62356元/m2,24套在售二手房
长丰坊,72039元/m2,17套在售二手房
华纺小区,78501元/m2,9套在售二手房
朗诗未来街区,31336元/m2,12套在售二手房
山语原墅,30471元/m2,10套在售二手房
公交新村,72414元/m2,14套在售二手房
漕溪大楼,85084元/m2,8套在售二手房
罗山七村,54465元/m2,13套在售二手房
棕榈滩海景城,18863元/m2,21套在售二手房
凤凰家园,62919元/m2,2套在售二手房
文翔名苑(公寓),36541元/m2,35套在售二手房
丽水湾,18908元/m2,8套在售二手房
惠益新苑,27393元/m2,34套在售二手房
中星美华邨(公寓),84707元/m2,7套在售二手房
古北首席,88205元/m2,2套在售二手房
滨江茗园,84902元/m2,2套在售二手房
光大花园,56376元/m2,9套在售二手房
振虹苑,71458元/m2,2套在售二手房
华盛大公馆,104725元/m2,5套在售二手房
紫竹小区,61248元/m2,14套在售二手房
锦三角花园(公寓),66538元/m2,5套在售二手房
沙田新苑,68599元/m2,8套在售二手房
三湘未来海岸,54434元/m2,7套在售二手房
总统公寓,101467元/m2,2套在售二手房
瑞达新苑,88154元/m2,2套在售二手房
世纪新城,37646元/m2,23套在售二手房
虹日小区,66643元/m2,24套在售二手房
紫竹小区,61248元/m2,14套在售二手房
沙田新苑,68599元/m2,8套在售二手房
好世樱园,51189元/m2,16套在售二手房
新昌里公寓,75655元/m2,2套在售二手房
昌里雅苑,75758元/m2,0套在售二手房
绿洲长岛花园,36207元/m2,12套在售二手房
艾格美国际公寓,112686元/m2,18套在售二手房
沪南船舶小区,55206元/m2,17套在售二手房
新悦坊,57083元/m2,3套在售二手房
新弘墅园,40678元/m2,10套在售二手房
汇枫公寓,35943元/m2,6套在售二手房
东安四村,75879元/m2,15套在售二手房
好第坊(公寓),44591元/m2,10套在售二手房
罗秀苑,51513元/m2,5套在售二手房
锦南浦三小区,53318元/m2,12套在售二手房
蓝城小区,56847元/m2,9套在售二手房
崮山小区四街坊,88270元/m2,9套在售二手房
双山小区,52976元/m2,16套在售二手房
宝石公寓,65999元/m2,7套在售二手房
宏翔公寓,53484元/m2,16套在售二手房
寿祥坊,62120元/m2,16套在售二手房
汇腾南苑,37159元/m2,3套在售二手房
墅外金柳湾,45781元/m2,11套在售二手房
华光公寓,58872元/m2,6套在售二手房
鸿丰香缇花园,138364元/m2,0套在售二手房
财富公寓,72062元/m2,0套在售二手房
新闵小区,36800元/m2,23套在售二手房
中国铁建青秀城,40219元/m2,17套在售二手房
广汇花苑,66869元/m2,7套在售二手房
贝越佳园,61639元/m2,7套在售二手房
新青浦花苑(公寓),27802元/m2,27套在售二手房
万科锦源(公寓),47967元/m2,18套在售二手房
控江一村,82043元/m2,4套在售二手房
万源杰座,80437元/m2,7套在售二手房
涵乐园,87969元/m2,1套在售二手房
智荟苑,67686元/m2,5套在售二手房
文苑小区(虹口),53711元/m2,26套在售二手房
凤凰景苑,49899元/m2,3套在售二手房
华佳花园,57369元/m2,17套在售二手房
金铭福邸,42173元/m2,22套在售二手房
德州四村,54954元/m2,18套在售二手房
奥玎宫廷别墅,57413元/m2,5套在售二手房
东方苑,79977元/m2,7套在售二手房
航华一村,44522元/m2,44套在售二手房
金水苑,22143元/m2,16套在售二手房
菊泉新城(陆翔路678弄),35991元/m2,12套在售二手房
金地艺华年(公寓),41478元/m2,4套在售二手房
大上海国际花园六区,58709元/m2,6套在售二手房
三林新村(永泰路136弄),55484元/m2,8套在售二手房
绿洲花园,37611元/m2,20套在售二手房
英郡雷丁小城,47784元/m2,11套在售二手房
河滨国际公寓,91436元/m2,2套在售二手房
郁金香花苑,83665元/m2,0套在售二手房
圣陶沙花园(别墅),72654元/m2,10套在售二手房
东鼎名人府邸,46765元/m2,13套在售二手房
日晖二村,64851元/m2,15套在售二手房
漕溪二村,73658元/m2,10套在售二手房
金色黄浦,86400元/m2,2套在售二手房
星纳家园,41537元/m2,35套在售二手房
仁和花苑,60143元/m2,9套在售二手房
尚海郦景,102310元/m2,0套在售二手房
绿地海珀黄浦,129421元/m2,1套在售二手房
古华新村,25025元/m2,18套在售二手房
通河八村,44638元/m2,20套在售二手房
凌兆新村(上浦路69弄),51391元/m2,9套在售二手房
长顺坊,71093元/m2,10套在售二手房
红庄小区,75201元/m2,5套在售二手房
东航公寓,74328元/m2,4套在售二手房
中原新村,127577元/m2,4套在售二手房
万源城御璄,93089元/m2,5套在售二手房
新泾三村,59026元/m2,28套在售二手房
晶采名人大厦,86539元/m2,5套在售二手房
虹桥明珠公寓,56749元/m2,6套在售二手房
康悦亚洲花园,59610元/m2,3套在售二手房
海丽花园,90377元/m2,1套在售二手房
晨林花苑,71091元/m2,6套在售二手房
亦园,92556元/m2,0套在售二手房
一品漫城(四期)(公寓),59639元/m2,7套在售二手房
品家都市星城,63081元/m2,6套在售二手房
湘府花园,73526元/m2,1套在售二手房
梅花新村(花木),72943元/m2,7套在售二手房
大木小区,80413元/m2,22套在售二手房
大宁路660弄,77781元/m2,5套在售二手房
六荷苑小区,52876元/m2,14套在售二手房
红旗五村,33901元/m2,22套在售二手房
鑫隆花园,51511元/m2,9套在售二手房
星金家园,43571元/m2,13套在售二手房
骏丰玲珑坊,39778元/m2,5套在售二手房
古北玛瑙园,97140元/m2,6套在售二手房
临沂八村,56920元/m2,16套在售二手房
胡姬花园,72355元/m2,4套在售二手房
上大阳光乾泽园,45396元/m2,11套在售二手房
剑河家苑,70909元/m2,0套在售二手房
绿洲公寓,56818元/m2,8套在售二手房
景福苑,120942元/m2,3套在售二手房
申润江涛苑,79808元/m2,3套在售二手房
上南大厦,53782元/m2,7套在售二手房
青松小区,82467元/m2,6套在售二手房
和润家园(公寓),65379元/m2,7套在售二手房
君临天下(别墅),59148元/m2,11套在售二手房
长海坊,73991元/m2,15套在售二手房
巷佳华苑(一期),37234元/m2,7套在售二手房
绿波景园,32426元/m2,28套在售二手房
馨佳园(菊泉街1280弄),38735元/m2,14套在售二手房
爱德佳苑(三期),39119元/m2,11套在售二手房
上泰花苑,,61023元/m2,11套在售二手房
云锦东方(公寓),129077元/m2,3套在售二手房
长春小区,67733元/m2,5套在售二手房
复旦书馨公寓,75943元/m2,1套在售二手房
桃浦三村石榴苑,39685元/m2,12套在售二手房
古桐公寓,53172元/m2,6套在售二手房
越富豪庭,77137元/m2,4套在售二手房
汇贤雅苑,35326元/m2,6套在售二手房
华润佘山九里,40272元/m2,26套在售二手房
金桥和苑,70292元/m2,2套在售二手房
久事西郊名墅,51260元/m2,7套在售二手房
红莲小区,52402元/m2,15套在售二手房
杨泰三村,33449元/m2,11套在售二手房
高尚领域,51267元/m2,16套在售二手房
西部名都花园,58980元/m2,7套在售二手房
江海二村(奉贤),19716元/m2,30套在售二手房
金虹苑小区,58050元/m2,20套在售二手房
瀚龙苑,40286元/m2,15套在售二手房
西郊半岛名苑,34188元/m2,48套在售二手房
欣逸家园,74230元/m2,8套在售二手房
浦江世博家园十三街坊,43829元/m2,8套在售二手房
明丰世纪苑,50303元/m2,2套在售二手房
中瑞公寓,88765元/m2,2套在售二手房
杏花新苑,70828元/m2,3套在售二手房
华丽家园,59015元/m2,11套在售二手房
潍坊三村,73999元/m2,18套在售二手房
公园天下,57249元/m2,9套在售二手房
明日新苑,46703元/m2,9套在售二手房
丹江新苑,67845元/m2,3套在售二手房
长泰东郊御园(公寓),35780元/m2,24套在售二手房
汇成五村,63412元/m2,22套在售二手房
丽园新村,82052元/m2,22套在售二手房
锦龙苑,42432元/m2,13套在售二手房
国际广场(卢湾),71848元/m2,4套在售二手房
荷五小区,50718元/m2,15套在售二手房
由由三村,55605元/m2,25套在售二手房
罗城小区,59354元/m2,10套在售二手房
御沁园(别墅),50764元/m2,9套在售二手房
盛世家园,54588元/m2,3套在售二手房
佘山高尔夫郡,75537元/m2,14套在售二手房
锦鸿公寓,41991元/m2,17套在售二手房
临港海滨国际花园,22433元/m2,21套在售二手房
长泰东郊御园(别墅),45751元/m2,16套在售二手房
日月新苑,59136元/m2,3套在售二手房
金杨六街坊,67145元/m2,13套在售二手房
静安长华公寓,65220元/m2,5套在售二手房
中汇公寓,93062元/m2,3套在售二手房
鼎邦丽池(公寓),88096元/m2,4套在售二手房
中南小区,106531元/m2,8套在售二手房
嘉骏香山苑,54072元/m2,14套在售二手房
瑞达苑,73207元/m2,14套在售二手房
贤居天下,112967元/m2,2套在售二手房
仁恒公园世纪,117368元/m2,5套在售二手房
住嘉佳园,48634元/m2,3套在售二手房
洛川中路1100弄,66436元/m2,9套在售二手房
紫荆四村,26096元/m2,4套在售二手房
由由二村,53663元/m2,20套在售二手房
上南花苑一期,57358元/m2,8套在售二手房
城市丽园,82030元/m2,8套在售二手房
保利海上五月花(公寓),35098元/m2,12套在售二手房
菊泉新城(陆翔路698弄),36776元/m2,15套在售二手房
新南路壹号(公寓),37505元/m2,8套在售二手房
绿地领海(商业类),18121元/m2,12套在售二手房
红梅小区(长宁),60602元/m2,8套在售二手房
东镇小区,74598元/m2,0套在售二手房
上海五月天(公寓),86001元/m2,8套在售二手房
西郊河畔家园,44992元/m2,5套在售二手房
煜王苑,68652元/m2,2套在售二手房
仁和都市花园,69337元/m2,3套在售二手房
今天花园,48255元/m2,9套在售二手房
御沁园(别墅),50764元/m2,9套在售二手房
上南十一村,58299元/m2,10套在售二手房
翡丽云邸(一期),106796元/m2,1套在售二手房
古龙苑,50394元/m2,5套在售二手房
众和金融大厦,55274元/m2,5套在售二手房
沁春园二村,44436元/m2,9套在售二手房
长达佳苑宜居尚城,30435元/m2,21套在售二手房
漪园新村,34440元/m2,10套在售二手房
商洛小区,50589元/m2,23套在售二手房
兰馨雅苑,75602元/m2,5套在售二手房
仙霞别墅,67547元/m2,14套在售二手房
博一小区,53287元/m2,26套在售二手房
沧海苑,77765元/m2,6套在售二手房
双辽新村,64767元/m2,21套在售二手房
新华路一号,128794元/m2,3套在售二手房
馨佳园(韶山路419弄),39386元/m2,11套在售二手房
东珂花苑,72686元/m2,1套在售二手房
海螺花园,75332元/m2,5套在售二手房
河滨豪园,100828元/m2,4套在售二手房
曹杨君悦苑,65524元/m2,5套在售二手房
艾东小区,56769元/m2,14套在售二手房
中海锦园,34868元/m2,12套在售二手房
品翠苑,46701元/m2,10套在售二手房
浦航新城中城苑,31486元/m2,21套在售二手房
华江景城,44433元/m2,21套在售二手房
华城秀庭,68601元/m2,2套在售二手房
罗山六村,,54995元/m2,24套在售二手房
龙南五村,58233元/m2,22套在售二手房
上南三村,58841元/m2,12套在售二手房
景峰苑,56680元/m2,13套在售二手房
新华名门,86598元/m2,4套在售二手房
浦江世博家园十五街坊,45820元/m2,6套在售二手房
城东新村,32051元/m2,65套在售二手房
金榜人家,43347元/m2,10套在售二手房
仁和都市花园,69337元/m2,3套在售二手房
煜王苑,68652元/m2,2套在售二手房
畅馨园,44793元/m2,10套在售二手房
莲溪六村,55396元/m2,19套在售二手房
高行馨苑,49263元/m2,18套在售二手房
控江二村107弄小区,57805元/m2,14套在售二手房
浦江坤庭—翠御,55195元/m2,8套在售二手房
康馨花园,42383元/m2,4套在售二手房
华府天地睿园,126810元/m2,0套在售二手房
锦绣前程阳光苑,88528元/m2,3套在售二手房
尚东鼎,99701元/m2,5套在售二手房
阳城书院,65458元/m2,5套在售二手房
金原新苑,52983元/m2,11套在售二手房
路劲翡丽湾(公寓),39607元/m2,11套在售二手房
虹德苑,87765元/m2,5套在售二手房
康乐花园(浦东),67677元/m2,3套在售二手房
春申城四季苑,46735元/m2,8套在售二手房
兰花新村,63497元/m2,18套在售二手房
杨家桥小区(普陀),52518元/m2,17套在售二手房
鸿发苑,87841元/m2,0套在售二手房
高行绿洲(一期),42864元/m2,2套在售二手房
新世纪名苑,85288元/m2,5套在售二手房
巨洋豪园,80488元/m2,2套在售二手房
生安花苑,73937元/m2,4套在售二手房
高海家苑,62980元/m2,0套在售二手房
莲花河畔景苑,69837元/m2,3套在售二手房
海波花苑,68615元/m2,6套在售二手房
住友公寓,56093元/m2,4套在售二手房
馨佳园(韶山路418弄),37580元/m2,9套在售二手房
锦佳苑,71731元/m2,7套在售二手房
同济融景雅苑,47845元/m2,6套在售二手房
齐河花苑,60098元/m2,9套在售二手房
紫竹馨苑,66537元/m2,3套在售二手房
晨阳小区,29856元/m2,13套在售二手房
金地格林郡,30364元/m2,26套在售二手房
泰安公寓,21088元/m2,71套在售二手房
虹桥紫京苑(公寓),70202元/m2,4套在售二手房
国浩长风汇都,87886元/m2,7套在售二手房
中皇广场,72183元/m2,5套在售二手房
同润玫瑰芳苑,32456元/m2,25套在售二手房
斜土新村,85920元/m2,11套在售二手房
徐汇公园道壹号,100000元/m2,1套在售二手房
大闻丽都苑,98483元/m2,1套在售二手房
春申景城MIDTOWN,70474元/m2,11套在售二手房
航天新苑,66779元/m2,4套在售二手房
良辰美景公寓,60827元/m2,8套在售二手房
三林新村(永泰路258弄),54497元/m2,3套在售二手房
静安南洋家园,67956元/m2,0套在售二手房
东明家园,73050元/m2,3套在售二手房
吉云公寓,72194元/m2,9套在售二手房
科宁公寓,64739元/m2,9套在售二手房
银良公寓,64715元/m2,5套在售二手房
爱博五村,46951元/m2,6套在售二手房
鞍山五村,68541元/m2,16套在售二手房
杰圣家苑,57519元/m2,8套在售二手房
康宁坊,62122元/m2,16套在售二手房
申汉小区,39130元/m2,8套在售二手房
闵浦新苑六村,33246元/m2,11套在售二手房
黎安二村,45311元/m2,28套在售二手房
南泉小区,65741元/m2,15套在售二手房
静安新城八区,62987元/m2,9套在售二手房
巴黎时韵,53008元/m2,0套在售二手房
维诗凯亚,92337元/m2,9套在售二手房
昌五小区,55031元/m2,23套在售二手房
嘉利坊,42870元/m2,8套在售二手房
番禺路222弄,65204元/m2,8套在售二手房
森晟世洋国际广场,38150元/m2,17套在售二手房
银丰苑,38859元/m2,25套在售二手房
南新四村,49439元/m2,19套在售二手房
汇成一村,58570元/m2,22套在售二手房
明安馨苑,85959元/m2,2套在售二手房
海怡花园(浦东),74673元/m2,2套在售二手房
桂莘小区,68643元/m2,17套在售二手房
中梁英伦印象(公寓),51045元/m2,6套在售二手房
民东公寓,41746元/m2,6套在售二手房
明中龙祥家园(公寓),35205元/m2,11套在售二手房
仁恒运杰河滨花园,33186元/m2,18套在售二手房
东锦苑,44435元/m2,2套在售二手房
春之声公寓,76857元/m2,3套在售二手房
桃源兴城苑,112899元/m2,2套在售二手房
开城新苑,96092元/m2,4套在售二手房
华发小区,48049元/m2,9套在售二手房
紫竹轩,52798元/m2,6套在售二手房
锦绣河山,55397元/m2,6套在售二手房
丰怡苑,39710元/m2,14套在售二手房
金铭新水岸,57045元/m2,8套在售二手房
九歌中庭,45927元/m2,6套在售二手房
银翔新村,38241元/m2,13套在售二手房
宗鑫公寓,68109元/m2,7套在售二手房
骏丰嘉峰汇,44942元/m2,6套在售二手房
梅陇三村,52241元/m2,16套在售二手房
徐家汇景园,101297元/m2,1套在售二手房
万科蓝山,68724元/m2,11套在售二手房
延吉七村,60489元/m2,26套在售二手房
东五小区(浦东),49512元/m2,9套在售二手房
瑞虹新城悦庭,116869元/m2,3套在售二手房
富丽公寓(东区),51455元/m2,4套在售二手房
新浦江城（四期）,46874元/m2,7套在售二手房
呼玛二村,42965元/m2,20套在售二手房
春江美庐(公寓),44493元/m2,16套在售二手房
万科燕南园,59682元/m2,5套在售二手房
永太小区,120479元/m2,9套在售二手房
嘉年别墅,88514元/m2,8套在售二手房
白玉苑,70281元/m2,4套在售二手房
新华嘉利公寓,76072元/m2,2套在售二手房
鸿发家园,55304元/m2,9套在售二手房
新汇绿苑,33543元/m2,8套在售二手房
惠明苑,47808元/m2,4套在售二手房
森林公馆乐莫苑,40998元/m2,19套在售二手房
东方家园,66576元/m2,0套在售二手房
钦州公寓,66391元/m2,14套在售二手房
眉州路515弄,59925元/m2,14套在售二手房
贝港南区,24182元/m2,5套在售二手房
翠鑫苑,27373元/m2,26套在售二手房
东兰兴城(东兰新村),53411元/m2,8套在售二手房
鹤北新村二街坊,41336元/m2,40套在售二手房
馨虹苑,75974元/m2,4套在售二手房
颛溪八村,37925元/m2,18套在售二手房
衡辰公寓,75152元/m2,2套在售二手房
粤秀苑,70031元/m2,11套在售二手房
泰晤士小镇(公寓),43505元/m2,23套在售二手房
春申五村,51016元/m2,11套在售二手房
红旗三村,33015元/m2,17套在售二手房
伟业金锦苑一村,53754元/m2,7套在售二手房
市光二村,52673元/m2,44套在售二手房
西镇小区(浦东),70118元/m2,5套在售二手房
万科尚景苑(公寓),34801元/m2,24套在售二手房
高行绿洲(六期),42612元/m2,22套在售二手房
南园新村,78351元/m2,14套在售二手房
淮海名邸,140000元/m2,2套在售二手房
上南玲珑苑,59501元/m2,6套在售二手房
牡丹苑(浦东),69067元/m2,6套在售二手房
碧云花园,92113元/m2,4套在售二手房
恒大御景湾,40091元/m2,10套在售二手房
东四小区,85485元/m2,10套在售二手房
新浦江城(江栀路500弄),51241元/m2,6套在售二手房
凌兆新村(上浦路36弄),49197元/m2,11套在售二手房
桃浦新家园,43825元/m2,7套在售二手房
佳兆业珊瑚湾(公寓),20890元/m2,22套在售二手房
鞍山四村第二小区,65498元/m2,15套在售二手房
华高苑,43377元/m2,14套在售二手房
银山小区,58729元/m2,15套在售二手房
虹桥馨苑,84169元/m2,1套在售二手房
桃浦四村易居紫荆苑,42730元/m2,24套在售二手房
华山嘉苑,93069元/m2,2套在售二手房
复元坊,69867元/m2,15套在售二手房
古美八村,54751元/m2,20套在售二手房
天宝恬苑,38289元/m2,13套在售二手房
鹤北新村二街坊,41336元/m2,40套在售二手房
东兰兴城(东兰新村),53411元/m2,8套在售二手房
裕德路66弄,129866元/m2,7套在售二手房
泰宝华庭(公寓),84002元/m2,3套在售二手房
古北壹号,136414元/m2,3套在售二手房
沔溪苑,37497元/m2,3套在售二手房
栖山小区,66155元/m2,9套在售二手房
平阳三街坊,59743元/m2,6套在售二手房
齐锦苑,73256元/m2,1套在售二手房
公安住宅小区,70645元/m2,7套在售二手房
欧阳名邸,73461元/m2,4套在售二手房
东方明珠小区,66799元/m2,7套在售二手房
安西小区,78847元/m2,9套在售二手房
鑫国家园,90752元/m2,1套在售二手房
龙柏四村,52955元/m2,16套在售二手房
东五小区(虹口),74381元/m2,11套在售二手房
星河景苑,43408元/m2,25套在售二手房
和泰花园,60534元/m2,4套在售二手房
润地华庭,83506元/m2,4套在售二手房
品臻国际公寓,40962元/m2,12套在售二手房
国贸花园,61340元/m2,6套在售二手房
保利佳苑,32213元/m2,21套在售二手房
香樟花园,98313元/m2,2套在售二手房
精文苑,92114元/m2,1套在售二手房
王子公寓,76646元/m2,5套在售二手房
安居兰庭,87089元/m2,1套在售二手房
西郊华庭,92969元/m2,2套在售二手房
兰城小区,58251元/m2,10套在售二手房
金塘小区,54808元/m2,5套在售二手房
振兴小区(徐汇),77501元/m2,28套在售二手房
何家宅小区,62304元/m2,23套在售二手房
顺驰美兰湖,36379元/m2,15套在售二手房
虹林新苑,69365元/m2,7套在售二手房
外冈佳苑,23157元/m2,7套在售二手房
民悦苑,48477元/m2,13套在售二手房
金鸿苑,70378元/m2,5套在售二手房
祥泰苑,43464元/m2,0套在售二手房
虹南小区,64788元/m2,17套在售二手房
汤臣怡园,130703元/m2,1套在售二手房
南郊别墅(别墅),47956元/m2,12套在售二手房
南国龙苑,57376元/m2,2套在售二手房
黄兴雅苑,71225元/m2,3套在售二手房
乐山六七村,80144元/m2,9套在售二手房
紫欣公寓,59715元/m2,3套在售二手房
梦蝶苑,72543元/m2,8套在售二手房
东荡小区,55677元/m2,8套在售二手房
万业新阶,67069元/m2,11套在售二手房
和平小区(徐汇),56678元/m2,10套在售二手房
日月星城,42143元/m2,7套在售二手房
万达广场(嘉定),27651元/m2,37套在售二手房
仁德苑,61836元/m2,5套在售二手房
大华锦绣华城(十街区),74545元/m2,6套在售二手房
保集澜湾(公寓),57473元/m2,10套在售二手房
成山小区,60489元/m2,6套在售二手房
康泰东苑,51471元/m2,8套在售二手房
蒲汇新村,71743元/m2,5套在售二手房
乾阳佳园,59085元/m2,2套在售二手房
交江大楼,41833元/m2,4套在售二手房
森林湾(二期),85173元/m2,1套在售二手房
新丰家园,59755元/m2,8套在售二手房
成山小区,60489元/m2,6套在售二手房
锦绣家园,85988元/m2,11套在售二手房
光复新苑,70770元/m2,5套在售二手房
黄金豪园,71606元/m2,2套在售二手房
康泰东苑,51471元/m2,8套在售二手房
名人花苑,47864元/m2,7套在售二手房
圣骊家园,64082元/m2,6套在售二手房
浦江世博家园九街坊,44209元/m2,4套在售二手房
宋家滩小区,61017元/m2,15套在售二手房
新泾家苑,54552元/m2,3套在售二手房
静安府,90580元/m2,1套在售二手房
绿地海域苏河源(一期),35582元/m2,9套在售二手房
圣和圣广场(公寓),92442元/m2,6套在售二手房
绿城玉兰公馆(公寓),86075元/m2,10套在售二手房
铂庭俱进家园,57171元/m2,12套在售二手房
柳营路1025弄,63993元/m2,9套在售二手房
金硕河畔景园西区,34774元/m2,10套在售二手房
纪念小区,56331元/m2,24套在售二手房
龙柏西郊公寓,55500元/m2,6套在售二手房
环庆新苑,37798元/m2,8套在售二手房
大上海国际花园十四区,56228元/m2,3套在售二手房
云阳花苑,71490元/m2,1套在售二手房
世纪花苑,54620元/m2,4套在售二手房
白玉大楼,73900元/m2,6套在售二手房
复星花园(行知路50弄),50989元/m2,2套在售二手房
金祥苑,73980元/m2,4套在售二手房
淞南七村,41804元/m2,24套在售二手房
珊瑚苑,65427元/m2,8套在售二手房
罗阳二村,46091元/m2,15套在售二手房
荷风华庭,21140元/m2,17套在售二手房
繁盛苑,33402元/m2,13套在售二手房
通河二村,44590元/m2,21套在售二手房
南华小区,34267元/m2,6套在售二手房
春申丽园,59508元/m2,4套在售二手房
龙南七村,58809元/m2,19套在售二手房
星风花苑,63589元/m2,7套在售二手房
金丰小区,40773元/m2,20套在售二手房
颛溪五村,36023元/m2,16套在售二手房
上海派,33745元/m2,9套在售二手房
万登花苑,64410元/m2,6套在售二手房
平阳一村,52495元/m2,14套在售二手房
天环苑,30902元/m2,19套在售二手房
梅陇一村,48069元/m2,29套在售二手房
东园一村,85166元/m2,9套在售二手房
朗诗虹桥绿郡(公寓),98278元/m2,2套在售二手房
桃园新村(嘉定),30565元/m2,24套在售二手房
睿园,98348元/m2,1套在售二手房
锦兰苑,81097元/m2,0套在售二手房
恒升大厦,82243元/m2,7套在售二手房
汤臣高尔夫(公寓),77238元/m2,8套在售二手房
古北菊翔苑(菊联路232弄),41479元/m2,5套在售二手房
宝安新苑,49309元/m2,20套在售二手房
橡胶小区,80622元/m2,7套在售二手房
金鹿大楼,,89497元/m2,8套在售二手房
好莱坞小区,29588元/m2,33套在售二手房
莱阳北小区,50562元/m2,21套在售二手房
莘闵花园,33859元/m2,10套在售二手房
虹浦新城北区,35050元/m2,10套在售二手房
恒升大厦,82243元/m2,7套在售二手房
汤臣高尔夫(公寓),77238元/m2,8套在售二手房
宝安新苑,49309元/m2,20套在售二手房
金鹿大楼,,89497元/m2,8套在售二手房
虹浦新城北区,35050元/m2,10套在售二手房
桥畔小区,53532元/m2,5套在售二手房
绿地公寓(长宁),67440元/m2,8套在售二手房
东波苑二街坊,47176元/m2,15套在售二手房
颐德名苑,66849元/m2,3套在售二手房
薛家宅小区,75889元/m2,8套在售二手房
绿地诺丁山(公寓),43616元/m2,25套在售二手房
丰舍西苑,46650元/m2,18套在售二手房
共康七村,47007元/m2,9套在售二手房
万寿新村(青浦),30868元/m2,49套在售二手房
东方康德家园,46422元/m2,11套在售二手房
沙田公寓,36963元/m2,17套在售二手房
森安苑,38461元/m2,1套在售二手房
华泾四村,41911元/m2,8套在售二手房
东方名筑,72076元/m2,1套在售二手房
中福公寓,54922元/m2,8套在售二手房
嘉亭菁苑,34836元/m2,7套在售二手房
宜嘉坊,77845元/m2,5套在售二手房
金泰公寓,60430元/m2,6套在售二手房
润渡佳苑,25081元/m2,12套在售二手房
正南花苑,67717元/m2,5套在售二手房
华谊星城名苑,79719元/m2,1套在售二手房
同进理想城,31707元/m2,33套在售二手房
南新东园,44700元/m2,8套在售二手房
泰荣苑,79108元/m2,5套在售二手房
漕溪一村,71148元/m2,12套在售二手房
城市庭园,61250元/m2,5套在售二手房
虹桥向日葵公寓,,69842元/m2,4套在售二手房
淞南九村,43292元/m2,16套在售二手房
华狮国际公寓,78236元/m2,4套在售二手房
虹祺花苑(公寓),68815元/m2,13套在售二手房
星城美景苑,61417元/m2,3套在售二手房
零陵小区,79446元/m2,16套在售二手房
潍坊五村,77556元/m2,12套在售二手房
潍坊一村,76388元/m2,12套在售二手房
高华小区,35771元/m2,42套在售二手房
南草坪花园(公寓),112093元/m2,3套在售二手房
文通雅苑,96565元/m2,1套在售二手房
红明一村,54858元/m2,10套在售二手房
华阳苑,75881元/m2,1套在售二手房
巨杨小区,76481元/m2,4套在售二手房
佘山假日半岛,19024元/m2,13套在售二手房
兰馨公寓(卢湾),127281元/m2,0套在售二手房
星海大厦,59350元/m2,3套在售二手房
大宁北玉兰公馆,53961元/m2,3套在售二手房
绿地海域笙晖(别墅),51638元/m2,4套在售二手房
汇福家园吉祥里,34561元/m2,5套在售二手房
欣园新邨,65673元/m2,8套在售二手房
独立时代,55964元/m2,10套在售二手房
海昌苑,73671元/m2,2套在售二手房
通河一村,44789元/m2,10套在售二手房
纺大小区,68790元/m2,14套在售二手房
竹南小区,88118元/m2,10套在售二手房
古美西路420弄,54556元/m2,20套在售二手房
张家浜小区,60896元/m2,23套在售二手房
三杨新村一街坊,68549元/m2,5套在售二手房
中福大厦,43625元/m2,6套在售二手房
金汇名人苑三街坊,52822元/m2,7套在售二手房
长江小区,70989元/m2,6套在售二手房
复兴佳苑,85609元/m2,3套在售二手房
翠湖天地隽荟,暂无,3套在售二手房
伊犁小区,66177元/m2,14套在售二手房
佳信徐汇公寓,71996元/m2,6套在售二手房
聚航苑,28125元/m2,8套在售二手房
福华花苑,82725元/m2,5套在售二手房
碧林湾南苑(华友路260弄),53960元/m2,4套在售二手房
学府花苑,54390元/m2,10套在售二手房
通联苑,68650元/m2,5套在售二手房
花苑村紫竹园,68752元/m2,15套在售二手房
万科五玠坊,72542元/m2,1套在售二手房
云润家园,40094元/m2,17套在售二手房
科华公寓,86735元/m2,3套在售二手房
紫荆园,75573元/m2,9套在售二手房
罗阳三村,48451元/m2,9套在售二手房
徐汇芳邻,40772元/m2,8套在售二手房
恒联新天地花园,75243元/m2,2套在售二手房
建德花园百合苑,53234元/m2,6套在售二手房
东园三村,81735元/m2,6套在售二手房
翔黄雅苑,36508元/m2,7套在售二手房
杨泰二村,36345元/m2,22套在售二手房
东航明珠公寓,63789元/m2,10套在售二手房
洪山花苑,67063元/m2,1套在售二手房
北宸佳苑,86480元/m2,2套在售二手房
真北二街坊,54739元/m2,23套在售二手房
中科新苑,83874元/m2,2套在售二手房
北唐新苑,17578元/m2,11套在售二手房
成亿花园,53459元/m2,11套在售二手房
龙柏城市花园,53505元/m2,8套在售二手房
安丰小区,72446元/m2,2套在售二手房
广盛苑,60334元/m2,3套在售二手房
曹杨五村(梅花园),61384元/m2,12套在售二手房
华狮国际公寓,78236元/m2,4套在售二手房
虹桥向日葵公寓,,69842元/m2,4套在售二手房
淞南九村,43292元/m2,16套在售二手房
城市庭园,61250元/m2,5套在售二手房
龙沟新苑,61934元/m2,7套在售二手房
远洋7号,41644元/m2,8套在售二手房
底特律财富天地,16475元/m2,3套在售二手房
中建大公馆,60335元/m2,9套在售二手房
茅台雅苑,72121元/m2,3套在售二手房
海霞佳苑,29027元/m2,18套在售二手房
大学里,28650元/m2,4套在售二手房
同润蓝美俊庭,25168元/m2,27套在售二手房
民心小区,76237元/m2,14套在售二手房
高行绿洲(四期),43270元/m2,11套在售二手房
保利茉莉公馆一期,64469元/m2,9套在售二手房
保利叶上海(二期),52570元/m2,10套在售二手房
汇丰沁苑,41361元/m2,13套在售二手房
宁阳小区,63589元/m2,6套在售二手房
金丰新村,44722元/m2,11套在售二手房
城投世纪名城,49330元/m2,2套在售二手房
虹梅菁典,57309元/m2,10套在售二手房
汇丰苑,66710元/m2,2套在售二手房
岭南苑(凌兆路99弄),51662元/m2,5套在售二手房
汇成桂苑,89368元/m2,8套在售二手房
国信世纪海景,112610元/m2,6套在售二手房
雍景台,111997元/m2,6套在售二手房
汇成桂苑,89368元/m2,8套在售二手房
东昌大楼,68045元/m2,4套在售二手房
欣安基公寓,,110553元/m2,3套在售二手房
东方曼哈顿(尚东区),131497元/m2,0套在售二手房
汇丰苑,66710元/m2,2套在售二手房
金平小区,41321元/m2,12套在售二手房
鞍山一村,74714元/m2,17套在售二手房
朗诗绿色街区,48354元/m2,16套在售二手房
瞿溪新村,78250元/m2,20套在售二手房
虹凉馨苑,65587元/m2,2套在售二手房
东方鸿璟,39169元/m2,9套在售二手房
南国花园,46816元/m2,11套在售二手房
香梅花园(三-五期),91947元/m2,16套在售二手房
长宏新苑,47160元/m2,12套在售二手房
南新西园,41848元/m2,8套在售二手房
美兰湖花园,36104元/m2,2套在售二手房
华飞公寓,72543元/m2,1套在售二手房
金缘坊,76499元/m2,0套在售二手房
明德坊,85029元/m2,3套在售二手房
衡辰三林苑,61725元/m2,6套在售二手房
怡乐花园,80041元/m2,1套在售二手房
西郊家园(长宁),56384元/m2,5套在售二手房
金龙花苑牡丹园,70035元/m2,17套在售二手房
金桂家园,72114元/m2,7套在售二手房
雅仕轩,39925元/m2,5套在售二手房
鹤沙航城昱星家园,34057元/m2,5套在售二手房
三兴苑,64743元/m2,6套在售二手房
华泾五村,42595元/m2,3套在售二手房
由由五村,57976元/m2,12套在售二手房
松花一村,58577元/m2,14套在售二手房
共康五村,46034元/m2,23套在售二手房
兰馨苑(杨浦),77159元/m2,2套在售二手房
华陇建中小区,54443元/m2,11套在售二手房
塘和家园桂花锦苑,30925元/m2,40套在售二手房
天台别韵,48687元/m2,3套在售二手房
阳光新景,69641元/m2,2套在售二手房
满庭芳花园(别墅),59057元/m2,3套在售二手房
恒力锦沧花园,64706元/m2,4套在售二手房
百舸馨苑,47456元/m2,6套在售二手房
文馨苑,72642元/m2,2套在售二手房
怒江苑,64974元/m2,1套在售二手房
瀚杨苑,62464元/m2,1套在售二手房
千岱名墅,40174元/m2,8套在售二手房
上方花园,129250元/m2,5套在售二手房
恒业公寓,60992元/m2,2套在售二手房
万科早城(一期),21113元/m2,22套在售二手房
宜川一村,51936元/m2,20套在售二手房
名庭花苑,34444元/m2,24套在售二手房
西镇小区(长宁),71120元/m2,20套在售二手房
合景峰汇,21123元/m2,20套在售二手房
虹桥汇秀苑,69608元/m2,2套在售二手房
龙湖滟澜山(别墅),30926元/m2,15套在售二手房
曹杨新苑,54554元/m2,5套在售二手房
普雄馨苑,70666元/m2,9套在售二手房
碧云公馆,48517元/m2,10套在售二手房
南宜花苑,89468元/m2,4套在售二手房
长宁路1600弄,61715元/m2,10套在售二手房
万里名轩,60225元/m2,4套在售二手房
东茂家苑,70833元/m2,1套在售二手房
万里名轩,60225元/m2,4套在售二手房
恒大华城长清苑,60723元/m2,4套在售二手房
金燕家苑,67208元/m2,8套在售二手房
长宁路1600弄,61715元/m2,10套在售二手房
长青坊,75414元/m2,10套在售二手房
新泾八村,59246元/m2,11套在售二手房
欧四小区,63641元/m2,20套在售二手房
上钞苑,66774元/m2,3套在售二手房
平阳三村,50676元/m2,6套在售二手房
瑞和新苑江航路60弄,35746元/m2,20套在售二手房
华润中央公园(浩翔路505弄),50188元/m2,6套在售二手房
通阁小区,63620元/m2,14套在售二手房
凌兆新村(上浦路202弄),49231元/m2,10套在售二手房
梅陇五村,52731元/m2,25套在售二手房
天山二村,76930元/m2,17套在售二手房
梅川一街坊,65961元/m2,3套在售二手房
金舟苑,52888元/m2,4套在售二手房
莲浦花苑,54589元/m2,10套在售二手房
联丰新苑,53073元/m2,4套在售二手房
清宁小区,63935元/m2,14套在售二手房
王家堂小区,95291元/m2,9套在售二手房
锦绣花园,59859元/m2,1套在售二手房
雅阁花园,39501元/m2,6套在售二手房
华晖绿苑,69774元/m2,0套在售二手房
江诚苑,27469元/m2,11套在售二手房
东森花园,75024元/m2,5套在售二手房
复地御西郊,101411元/m2,7套在售二手房
金地格林世界白金院邸(公寓),55707元/m2,3套在售二手房
华理苑,56903元/m2,5套在售二手房
住友昌盛新苑,76515元/m2,0套在售二手房
华理苑,56903元/m2,5套在售二手房
雅阁花园,39501元/m2,6套在售二手房
长寿苑,50976元/m2,1套在售二手房
季景铭郡,48206元/m2,7套在售二手房
香樟苑(普陀),45882元/m2,8套在售二手房
乌中小区,100642元/m2,13套在售二手房
紫薇新村,40906元/m2,15套在售二手房
馨佳园(菊泉街1346弄),37761元/m2,7套在售二手房
梅六小区,62046元/m2,14套在售二手房
祁连欣苑,41600元/m2,0套在售二手房
龙南六村,57556元/m2,15套在售二手房
金桥一景,71859元/m2,8套在售二手房
德州二村,56469元/m2,10套在售二手房
大上海国际花园七区,64132元/m2,5套在售二手房
寿益坊,70147元/m2,7套在售二手房
祥东小区(虹口),64330元/m2,18套在售二手房
东方锦园,71120元/m2,4套在售二手房
东陆新村四街坊,51470元/m2,18套在售二手房
海尚明月苑,19721元/m2,8套在售二手房
明和苑,66035元/m2,5套在售二手房
江中公寓,34314元/m2,17套在售二手房
天科苑,85929元/m2,2套在售二手房
加东花园,52773元/m2,11套在售二手房
同景苑,42421元/m2,8套在售二手房
园西小区,42067元/m2,10套在售二手房
东元坊,107002元/m2,1套在售二手房
金杨一街坊,55266元/m2,5套在售二手房
芳华苑,,58454元/m2,8套在售二手房
上大阳光乾澄园,44208元/m2,3套在售二手房
真光第四小区,49897元/m2,11套在售二手房
真光第四小区,49897元/m2,11套在售二手房
常兴家园,55566元/m2,7套在售二手房
绿邑翠苑,72681元/m2,0套在售二手房
浦江花园,27597元/m2,5套在售二手房
旭辉U天地(商业类),30853元/m2,8套在售二手房
崮山小区三街坊,87915元/m2,6套在售二手房
同润加州(公寓),37600元/m2,32套在售二手房
领尚国际酒店公寓,45782元/m2,9套在售二手房
绿洲比华利花园,55170元/m2,22套在售二手房
莘梓苑,69200元/m2,6套在售二手房
上钢二村,61494元/m2,0套在售二手房
通用国际,42552元/m2,13套在售二手房
金桥新村一街坊,50810元/m2,27套在售二手房
三湘森林海尚(嘉定),51692元/m2,9套在售二手房
临沂五村,53053元/m2,11套在售二手房
新泾一村,59336元/m2,44套在售二手房
江南苑,51033元/m2,0套在售二手房
云舫小区,71290元/m2,4套在售二手房
玉华苑,55546元/m2,12套在售二手房
虹景家苑,84600元/m2,2套在售二手房
梧桐城邦三期,63930元/m2,12套在售二手房
晶苑,47408元/m2,7套在售二手房
同济西苑,87076元/m2,0套在售二手房
延铁小区,74569元/m2,3套在售二手房
兰花小区,76510元/m2,13套在售二手房
临潼苑,77766元/m2,2套在售二手房
万科琥珀臻园,39320元/m2,13套在售二手房
高安路9弄,112382元/m2,2套在售二手房
中福世福汇,54616元/m2,8套在售二手房
锦苑小区(长宁),66206元/m2,11套在售二手房
迎春园,53094元/m2,9套在售二手房
虹一小区,67830元/m2,14套在售二手房
市民新村,99586元/m2,8套在售二手房
龙湖北城天街,28616元/m2,23套在售二手房
九间堂,168808元/m2,0套在售二手房
鸿宝二村,26007元/m2,12套在售二手房
楼园小区,60035元/m2,25套在售二手房
莘松五村,64443元/m2,10套在售二手房
枫林新村,73318元/m2,8套在售二手房
龚路新城,38596元/m2,30套在售二手房
恒大星级公寓,61071元/m2,4套在售二手房
梅陇十村,56144元/m2,8套在售二手房
金色米兰苑,55241元/m2,2套在售二手房
世纪非凡锦城,36744元/m2,5套在售二手房
爱法花园(一期),50879元/m2,13套在售二手房
东陆新村二街坊,52844元/m2,16套在售二手房
古桐五村,54142元/m2,5套在售二手房
日月豪庭(公寓),57687元/m2,1套在售二手房
华南名苑,67471元/m2,3套在售二手房
徐汇嘉馨公寓,87553元/m2,4套在售二手房
乐山八九村,76992元/m2,8套在售二手房
九方家园,43738元/m2,5套在售二手房
黄浦逸城,108629元/m2,7套在售二手房
虹梅景苑二街坊,39848元/m2,4套在售二手房
中环滨江大厦,45837元/m2,11套在售二手房
中星张杨苑,78527元/m2,2套在售二手房
永和生活广场,16373元/m2,2套在售二手房
长泰西郊,45920元/m2,8套在售二手房
碧玉公寓,75148元/m2,5套在售二手房
光辉小区,97943元/m2,8套在售二手房
双柏小区,35005元/m2,27套在售二手房
寿一小区,48423元/m2,32套在售二手房
金汇鸿锦苑,59008元/m2,4套在售二手房
邮电小区(浦东),53521元/m2,11套在售二手房
万科红郡,65701元/m2,8套在售二手房
福竹小区,81070元/m2,5套在售二手房
港城新苑,43399元/m2,6套在售二手房
中邦大都会,59898元/m2,4套在售二手房
嘉城香馥湾,61053元/m2,10套在售二手房
光辉小区,97943元/m2,8套在售二手房
六街坊小区,72127元/m2,6套在售二手房
建设新苑,71805元/m2,3套在售二手房
双辽支路70弄,61045元/m2,21套在售二手房
临沂三村,57102元/m2,21套在售二手房
展想悦廷,30843元/m2,5套在售二手房
春辉新村,32958元/m2,9套在售二手房
安居朝阳园,72302元/m2,4套在售二手房
曹路家苑,50389元/m2,4套在售二手房
古美七村,53544元/m2,23套在售二手房
富林苑(二期),51411元/m2,4套在售二手房
北欧丽景,41915元/m2,2套在售二手房
三林世博家园(新浦路251弄),51882元/m2,7套在售二手房
爱邦大厦,47933元/m2,7套在售二手房
曲阳林云小区,60784元/m2,5套在售二手房
曹杨三村(兰岭园),58296元/m2,18套在售二手房
西郊景园,41797元/m2,4套在售二手房
李园一村,30868元/m2,22套在售二手房
三明花园,40340元/m2,11套在售二手房
悦来小区,90969元/m2,11套在售二手房
上河湾,62071元/m2,7套在售二手房
